project_id,deployment_id,placename,longitude,latitude,start_date,end_date,bait_type,bait_description,feature_type,feature_type_methodology,camera_id,camera_name,quiet_period,camera_functioning,sensor_height,height_other,sensor_orientation,orientation_other,plot_treatment,plot_treatment_description,detection_distance,subproject_name,subproject_design,event_name,event_description,event_type,recorded_by,remarks
2003884,OCCT16_M210_20260116,OCCT16,-83.36115,8.4556,2026-01-16 00:00:00,2026-04-30 00:00:00,None,,Other,off trail,2125278,M210,1,Camera Functioning,Other,98,Parallel,,,,,Long Term Monitoring,Grid of long term monitoring cameras across the Osa Peninsula,,,,,
2003884,OCCT18_M247_20260116,OCCT18,-83.36529,8.46915,2026-01-16 00:00:00,2026-04-30 00:00:00,None,,Other,off trail,2132659,M247,1,Camera Functioning,Other,35,Parallel,,,,,Long Term Monitoring,Grid of long term monitoring cameras across the Osa Peninsula,,,,,
2003884,OCCT10_M211_20250825,OCCT10,-83.34736,8.4086,2025-08-25 00:00:00,2025-10-16 00:00:00,None,,Road dirt,off trail,2125280,M211,1,Camera Functioning,Other,48,Parallel,,,,,Long Term Monitoring,Grid of long term monitoring cameras across the Osa Peninsula,,,,,
2003884,OCCT15_M113_27082022,OCCT15,-83.35772,8.44355,2022-08-27 00:00:00,2022-10-07 00:00:00,None,,Other,,2052005,M113,1,Unknown Failure,Knee height,,Parallel,,,,,Long Term Monitoring,Grid of long term monitoring cameras across the Osa Peninsula,,,,,
2003884,OCCT01_M001_15032022,OCCT01a,-83.33367,8.40969,2022-03-15 00:00:00,2022-04-08 00:00:00,None,,Trail hiking,,2047668,M001a,30,Camera Functioning,Knee height,,Parallel,,,,,,,,,,,
2003884,OCCT01_M002_15032022,OCCT01a,-83.33367,8.40969,2022-03-15 00:00:00,2022-04-08 00:00:00,None,,Trail hiking,,2040851,M002,30,Camera Functioning,Knee height,,Parallel,,,,,,,,,,,
2003884,OCCT01_M003_15032022,OCCT01a,-83.33367,8.40969,2022-03-15 00:00:00,2022-04-08 00:00:00,None,,Trail hiking,,2040852,M003,30,Camera Functioning,Knee height,,Parallel,,,,,,,,,,,
2003884,OCCT09_M370_20250825,OCCT09,-83.3405,8.41069,2025-08-25 00:00:00,2025-10-16 00:00:00,None,,Road dirt,off trail,2138080,M370,1,Camera Functioning,Other,45,Parallel,,,,,Long Term Monitoring,Grid of long term monitoring cameras across the Osa Peninsula,,,,,
2003884,OCCT16_M210_20250627,OCCT16,-83.36115,8.4556,2025-06-27 00:00:00,2025-11-06 00:00:00,None,,Road dirt,off trail,2125278,M210,1,Camera Functioning,Other,98,Parallel,,,,,Long Term Monitoring,Grid of long term monitoring cameras across the Osa Peninsula,,,,,
2003884,OCCT18_M247_20250627,OCCT18,-83.36529,8.46915,2025-06-27 00:00:00,2025-11-06 00:00:00,None,,Road dirt,off trail,2132659,M247,1,Camera Functioning,Other,35,Parallel,,,,,Long Term Monitoring,Grid of long term monitoring cameras across the Osa Peninsula,,,,,
2003884,OCCT12_M225_20250820,OCCT12,-83.33446,8.42229,2025-08-20 00:00:00,2025-11-03 00:00:00,None,,Road dirt,off trail,2125303,M225,1,Camera Functioning,Other,39,Parallel,,,,,Long Term Monitoring,Grid of long term monitoring cameras across the Osa Peninsula,,,,,
2003884,OCCT33_M243_20250821,OCCT33,-83.343922,8.428401,2025-08-21 00:00:00,2025-10-31 00:00:00,None,,Road dirt,off trail,2133055,M243,1,Camera Functioning,Other,46,Parallel,,,,,Long Term Monitoring,Grid of long term monitoring cameras across the Osa Peninsula,,,,,
2003884,OCCT66_M244_20250827,OCCT66,-83.317967,8.404714,2025-08-27 00:00:00,2025-10-21 00:00:00,None,,Road dirt,off trail,2133057,M244,1,Camera Functioning,Other,40,Parallel,,,,,Long Term Monitoring,Grid of long term monitoring cameras across the Osa Peninsula,,,,,
2003884,OCCT27_C181_28082023,OCCT27,-83.33573,8.73433,2023-08-28 00:00:00,2023-12-05 00:00:00,None,,Other,,2019289,C181,1,Unknown Failure,Knee height,,Parallel,,,,0,Long Term Monitoring,Grid of long term monitoring cameras across the Osa Peninsula,,,,,
2003884,OCCT28_MO63_28082023,OCCT28,-83.40675,8.51834,2023-08-28 00:00:00,2023-12-05 00:00:00,None,,Other,,2087991,MO63,1,Unknown Failure,Knee height,,Parallel,,,,0,Long Term Monitoring,Grid of long term monitoring cameras across the Osa Peninsula,,,,,
2003884,OCCT33_OC171_21082023,OCCT33,-83.343922,8.428401,2023-08-21 00:00:00,2023-10-20 00:00:00,None,,Other,,2096578,OC171,1,Unknown Failure,Knee height,,Parallel,,,,,Long Term Monitoring,Grid of long term monitoring cameras across the Osa Peninsula,,,,,
2003884,OCCT06_M036_04122023,OCCT06,-83.29323,8.77809,2023-12-04 00:00:00,2024-03-08 00:00:00,None,,Other,,2087901,M036,1,Unknown Failure,Knee height,,Parallel,,,,0,Long Term Monitoring,Grid of long term monitoring cameras across the Osa Peninsula,,,,,
2003884,OCCT07_C165_04122023,OCCT07,-83.28998,8.76422,2023-12-04 00:00:00,2024-03-08 00:00:00,None,,Other,,2019273,C165,1,Unknown Failure,Knee height,,Parallel,,,,60,Long Term Monitoring,Grid of long term monitoring cameras across the Osa Peninsula,,,,,
2003884,OCCT34_M136_04122023,OCCT34,-83.17559,8.67697,2023-12-04 00:00:00,2023-12-26 00:00:00,None,,Other,,2096155,M136,1,Camera Functioning,Knee height,,Parallel,,,,,Long Term Monitoring,Grid of long term monitoring cameras across the Osa Peninsula,,,,,
2003884,OCCT10_M040_17112023,OCCT10,-83.34736,8.4086,2023-11-17 00:00:00,2024-03-05 00:00:00,None,,Other,,2081080,M040,1,Unknown Failure,Knee height,,Parallel,,,,0,Long Term Monitoring,Grid of long term monitoring cameras across the Osa Peninsula,,,,,
2003884,OCCT68_M199_23122023,OCCT68,-83.326855,8.408702,2023-12-23 00:00:00,2024-02-24 00:00:00,None,,Other,,2098960,M199,1,Camera Functioning,Knee height,,Parallel,,,,0,Long Term Monitoring,Grid of long term monitoring cameras across the Osa Peninsula,,,,,
2003884,OCCT01_M004_15032022,OCCT01a,-83.33367,8.40969,2022-03-15 00:00:00,2022-04-08 00:00:00,None,,Trail hiking,,2040854,M004,30,Camera Functioning,Knee height,,Parallel,,,,,,,,,,,
2003884,OCCT15_M221_20250627,OCCT15,-83.35772,8.44355,2025-06-27 00:00:00,2025-11-06 00:00:00,None,,Road dirt,off trail,2125298,M221,1,Camera Functioning,Other,35,Parallel,,,,,Long Term Monitoring,Grid of long term monitoring cameras across the Osa Peninsula,,,,,
2003884,OCCT07_M278_20250924,OCCT07,-83.28998,8.76422,2025-09-24 00:00:00,2025-11-19 00:00:00,None,,Road dirt,off trail,2132125,M278,1,Camera Functioning,Other,48,Parallel,,,,,Long Term Monitoring,Grid of long term monitoring cameras across the Osa Peninsula,,,,,
2003884,OCCT29_M262_20250923,OCCT29,-83.17074878,8.67620952,2025-09-23 00:00:00,2025-11-18 00:00:00,None,,Road dirt,off trail,2132665,M262,1,Camera Functioning,Other,76,Parallel,,,,,Long Term Monitoring,Grid of long term monitoring cameras across the Osa Peninsula,,,,,
2003884,OCCT12_M225_20250604,OCCT12,-83.33446,8.42229,2025-06-04 00:00:00,2025-08-20 00:00:00,None,,Road dirt,off trail,2125303,M225,1,Camera Functioning,Other,39,Parallel,,,,,Long Term Monitoring,Grid of long term monitoring cameras across the Osa Peninsula,,,,,
2003884,OCCT08_M179_20250623,OCCT08,-83.32686,8.40875,2025-06-23 00:00:00,2025-08-27 00:00:00,None,,Road dirt,off trail,2132658,M179,1,Unknown Failure,Other,39,Parallel,,,,,Long Term Monitoring,Grid of long term monitoring cameras across the Osa Peninsula,,,,,
2003884,OCCT14_M102_20012023,OCCT14,-83.31898,8.41895,2023-01-20 00:00:00,2023-05-09 00:00:00,None,,Other,,2080570,OCCT14,0,Unknown Failure,Knee height,,Parallel,,,,,Long Term Monitoring,Grid of long term monitoring cameras across the Osa Peninsula,,,,,
2003884,OCCT18_M033_2962022,OCCT18,-83.36529,8.46915,2022-06-29 00:00:00,2022-08-30 00:00:00,None,,None,,2047666,M033,30,Unknown Failure,Knee height,,Parallel,,,,,Long Term Monitoring,Grid of long term monitoring cameras across the Osa Peninsula,,,,,
2003884,OCCT02_M005_15032022,OCCT02,-83.33392,8.4094378,2022-03-15 00:00:00,2022-04-08 00:00:00,None,,Trail hiking,,2040856,M005,30,Camera Functioning,Knee height,,Parallel,,,,,,,,,,,
2003884,OCCT17_M276_20250627,OCCT17,-83.3742,8.45589,2025-06-27 00:00:00,2025-11-06 00:00:00,None,,Road dirt,off trail,2136296,M276,1,Camera Functioning,Other,44.5,Parallel,,,,,Long Term Monitoring,Grid of long term monitoring cameras across the Osa Peninsula,,,,,
2003884,OCCT16_M031_18322,OCCT16,-83.36115,8.4556,2022-03-18 00:00:00,2022-07-07 00:00:00,None,,Other,,2047669,M031,30,Camera Functioning,Knee height,,Parallel,,,,,Long Term Monitoring,Grid of long term monitoring cameras across the Osa Peninsula,,,,,
2003884,OCCT31_M090_14022023,OCCT31,-83.1722,8.66869,2023-02-14 00:00:00,2023-04-26 00:00:00,None,,Other,,2077351,M090,0,Unknown Failure,Knee height,,Parallel,,,,,Long Term Monitoring,Grid of long term monitoring cameras across the Osa Peninsula,,,,,
2003884,OCCT02_M006_15032022,OCCT02,-83.33392,8.4094378,2022-03-15 00:00:00,2022-04-09 00:00:00,None,,Trail hiking,,2040859,M006,30,Camera Functioning,Knee height,,Parallel,,,,,Long Term Monitoring,Grid of long term monitoring cameras across the Osa Peninsula,,,,,
2003884,OCCT10_M109_02022023,OCCT10,-83.34736,8.4086,2023-02-02 00:00:00,2023-04-28 00:00:00,None,,Other,,2069881,M109,1,Camera Functioning,Knee height,,Parallel,,,,,Long Term Monitoring,Grid of long term monitoring cameras across the Osa Peninsula,,,,,
2003884,OCCT06_M103_02022023,OCCT06,-83.29323,8.77809,2023-02-02 00:00:00,2023-04-25 00:00:00,None,,Other,,2052008,M103,1,Unknown Failure,Knee height,,Parallel,,,,,Long Term Monitoring,Grid of long term monitoring cameras across the Osa Peninsula,,,,,
2003884,OCCT28_M105_02022023,OCCT28,-83.40675,8.51834,2023-02-02 00:00:00,2023-02-09 00:00:00,None,,Other,,2054736,m105,0,Unknown Failure,Knee height,,Parallel,,,,,Long Term Monitoring,Grid of long term monitoring cameras across the Osa Peninsula,,,,,
2003884,OCCT09_M046_19012023,OCCT09,-83.3405,8.41069,2023-01-19 00:00:00,2023-04-27 00:00:00,None,,Other,,2068193,M046,1,Camera Functioning,Knee height,,Parallel,,,,,Long Term Monitoring,Grid of long term monitoring cameras across the Osa Peninsula,,,,,
2003884,OCCT13_M131_20012023,OCCT13,-83.323034,8.410447,2023-01-20 00:00:00,2023-05-09 00:00:00,None,,Other,,2069882,M131,0,Unknown Failure,Knee height,,Parallel,,,,,Long Term Monitoring,Grid of long term monitoring cameras across the Osa Peninsula,,,,,
2003884,OCCT17_M048_922023,OCCT17,-83.3742,8.45589,2023-02-09 00:00:00,2023-04-27 00:00:00,None,,Other,,2068199,M048,1,Camera Functioning,Knee height,,Parallel,,,,,Long Term Monitoring,Grid of long term monitoring cameras across the Osa Peninsula,,,,,
2003884,Rf9_M092_3122022,Rf9,-83.03714,8.90583,2022-12-03 00:00:00,2023-04-17 00:00:00,None,,Other,,2081075,M092,0,Camera Functioning,Knee height,,Parallel,,,,,R2R farm monitoring,Restored farm monitoring from ridge to reef,,,,,
2003884,OCCT09_M061_27042023,OCCT09,-83.3405,8.41069,2023-04-27 00:00:00,2023-08-04 00:00:00,None,,Other,,2087077,M061,1,Unknown Failure,Knee height,,Parallel,,,,,Long Term Monitoring,Grid of long term monitoring cameras across the Osa Peninsula,,,,,
2003884,OCCT30_M123_9112022,OCCT30,-83.29472,8.7703,2022-11-09 00:00:00,2022-12-06 00:00:00,None,,Other,,2069892,M123,1,Camera Functioning,Knee height,,Parallel,,,,,Long Term Monitoring,Grid of long term monitoring cameras across the Osa Peninsula,,,,,
2003884,OCCT13_M131_09052023,OCCT13,-83.323034,8.410447,2023-05-09 00:00:00,2023-08-24 00:00:00,None,,Other,,2069882,M131,1,Unknown Failure,Knee height,,Parallel,,,,,Long Term Monitoring,Grid of long term monitoring cameras across the Osa Peninsula,,,,,
2003884,OCCT07_M068_9112022,OCCT07,-83.28998,8.76422,2022-11-09 00:00:00,2023-02-14 00:00:00,None,,Other,,2052009,M068,0,Unknown Failure,Knee height,,Parallel,,,,,Long Term Monitoring,Grid of long term monitoring cameras across the Osa Peninsula,,,,,
2003884,Rf22_M047_4122022,Rf22,-83.20834,8.91815,2022-12-04 00:00:00,2023-04-19 00:00:00,None,,Other,,2081083,M047,1,Camera Functioning,Knee height,,Parallel,,,,,R2R farm monitoring,Restored farm monitoring from ridge to reef,,,,,
2003884,OCCT07_M142_25042023,OCCT07,-83.28998,8.76422,2023-04-25 00:00:00,2023-08-28 00:00:00,None,,Other,,2087945,M142,1,Unknown Failure,Knee height,,Parallel,,,,,Long Term Monitoring,Grid of long term monitoring cameras across the Osa Peninsula,,,,,
2003884,OCCT08_M058_19012023,OCCT08,-83.32686,8.40875,2023-01-19 00:00:00,2023-04-27 00:00:00,None,,Other,,2080548,M058,0,Unknown Failure,Knee height,,Parallel,,,,,Long Term Monitoring,Grid of long term monitoring cameras across the Osa Peninsula,,,,,
2003884,OCCT31_OC-21_04122023,OCCT31,-83.1722,8.66869,2023-12-04 00:00:00,2024-03-04 00:00:00,None,,Other,,2098955,OC-21,1,Camera Functioning,Knee height,,Parallel,,,,0,Long Term Monitoring,Grid of long term monitoring cameras across the Osa Peninsula,,,,,
2003884,OCCT13_M035_24082023,OCCT13,-83.323034,8.410447,2023-08-24 00:00:00,2023-11-24 00:00:00,None,,Other,,2095825,M035,1,Unknown Failure,Knee height,,Parallel,,,,0,Long Term Monitoring,Grid of long term monitoring cameras across the Osa Peninsula,,,,,
2003884,OCCT14_M034_24082023,OCCT14,-83.31898,8.41895,2023-08-24 00:00:00,2023-11-24 00:00:00,None,,Other,,2047667,M034,1,Unknown Failure,Knee height,,Parallel,,,,0,Long Term Monitoring,Grid of long term monitoring cameras across the Osa Peninsula,,,,,
2003884,OCCT54_M092_01052023,OCCT54,-83.00874,8.77962,2023-05-01 00:00:00,2023-11-22 00:00:00,None,,Other,,2081075,M092,1,Unknown Failure,Knee height,,Parallel,,,,,Fila Costeña,,,,,,
2003884,OCCT32_C182_01092023,OCCT32,-83.170434,8.64031,2023-09-01 00:00:00,2023-10-09 00:00:00,None,,Other,,2019290,C182,1,Unknown Failure,Knee height,,Parallel,,,,,Long Term Monitoring,Grid of long term monitoring cameras across the Osa Peninsula,,,,,
2003884,OCCT06_OC-20-78_08032024,OCCT06,-83.29323,8.77809,2024-03-08 00:00:00,2024-06-24 00:00:00,None,,Other,,2105890,OC-20-78,1,Camera Functioning,Knee height,,Parallel,,,,0,Long Term Monitoring,Grid of long term monitoring cameras across the Osa Peninsula,,,,,
2003884,OCCT17_OC-22_01032024,OCCT17,-83.3742,8.45589,2024-03-01 00:00:00,2024-06-08 00:00:00,None,,Other,,2104508,OC-22,1,Camera Functioning,Knee height,,Parallel,,,,0,Long Term Monitoring,Grid of long term monitoring cameras across the Osa Peninsula,,,,,
2003884,OCCT09_M046_19082022,OCCT09,-83.3405,8.41069,2022-08-19 00:00:00,2022-11-01 00:00:00,None,,None,,2068193,M046,1,Unknown Failure,Knee height,,Parallel,,,,,Long Term Monitoring,Grid of long term monitoring cameras across the Osa Peninsula,,,,,
2003884,OCCT16_M099_27082022,OCCT16,-83.36115,8.4556,2022-08-27 00:00:00,2022-11-10 00:00:00,None,,None,,2068197,M099,1,Unknown Failure,Knee height,,Parallel,,,,,Long Term Monitoring,Grid of long term monitoring cameras across the Osa Peninsula,,,,,
2003884,OCCT17_M048_3082022,OCCT17,-83.3742,8.45589,2022-08-30 00:00:00,2022-11-24 00:00:00,None,,None,,2068199,M048,1,Unknown Failure,Knee height,,Parallel,,,,,Long Term Monitoring,Grid of long term monitoring cameras across the Osa Peninsula,,,,,
2003884,OCCT06_M231_20250730,OCCT06,-83.29323,8.77809,2025-07-30 00:00:00,2025-09-24 00:00:00,None,,Road dirt,off trail,2120717,M231,1,Camera Functioning,Other,44,Parallel,,,,,Long Term Monitoring,Grid of long term monitoring cameras across the Osa Peninsula,,,,,
2003884,OCCT02_M008_15032022,OCCT02,-83.33392,8.4094378,2022-03-15 00:00:00,2022-04-09 00:00:00,None,,Trail hiking,,2040862,M008,30,Camera Functioning,Knee height,,Parallel,,,,,,,,,,,
2003884,LUMO024_M363_20260209,LUMO024,-83.0078,9.008141,2026-02-09 00:00:00,2026-06-03 00:00:00,None,,Other,agriculture,2185231,M363,1,Camera Functioning,Other,36,Parallel,,,,,FarmsforNature,,,,,,
2003884,OCCT34_M260_20250923,OCCT34,-83.17559,8.67697,2025-09-23 00:00:00,2025-11-18 00:00:00,None,,Road dirt,off trail,2132682,M260,1,Camera Functioning,Other,51,Parallel,,,,,Long Term Monitoring,Grid of long term monitoring cameras across the Osa Peninsula,,,,,
2003884,OCCT32_M220_20250923,OCCT32,-83.170434,8.64031,2025-09-23 00:00:00,2025-11-18 00:00:00,None,,Road dirt,off trail,2125296,M220,1,Camera Functioning,Other,44,Parallel,,,,,Long Term Monitoring,Grid of long term monitoring cameras across the Osa Peninsula,,,,,
2003884,OCCT31_M261_20250923,OCCT31,-83.1722,8.66869,2025-09-23 00:00:00,2025-11-18 00:00:00,None,,Road dirt,off trail,2132685,M261,1,Camera Functioning,Other,36,Parallel,,,,,Long Term Monitoring,Grid of long term monitoring cameras across the Osa Peninsula,,,,,
2003884,OCCT26_M257_20250925,OCCT26,-83.334733,8.730267,2025-09-25 00:00:00,2025-11-19 00:00:00,None,,Road dirt,off trail,2136354,M257,1,Camera Functioning,Other,43,Parallel,,,,,,,,,,,
2003884,OCCT27_M234_20250925,OCCT27,-83.33573,8.73433,2025-09-25 00:00:00,2025-11-19 00:00:00,None,,Road dirt,off trail,2120736,M234,1,Camera Functioning,Other,48,Parallel,,,,,Long Term Monitoring,Grid of long term monitoring cameras across the Osa Peninsula,,,,,
2003884,OCCT11_M070_2025-10-31,OCCT11,-83.34373,8.42222,2025-10-31 00:00:00,2025-12-28 00:00:00,None,,Other,,2094002,M070,1,Camera Functioning,Knee height,,Parallel,,,,0,Long Term Monitoring,Grid of long term monitoring cameras across the Osa Peninsula,,,,,
2003884,OCCT06_M231_20250924,OCCT06,-83.29323,8.77809,2025-09-24 00:00:00,2025-11-19 00:00:00,None,,Road dirt,off trail,2120717,M231,1,Camera Functioning,Other,44,Parallel,,,,,Long Term Monitoring,Grid of long term monitoring cameras across the Osa Peninsula,,,,,
2003884,OCCT30_M239_20250924,OCCT30,-83.29472,8.7703,2025-09-24 00:00:00,2025-11-19 00:00:00,None,,Road dirt,off trail,2140952,M239,1,Camera Functioning,Other,35,Parallel,,,,,Long Term Monitoring,Grid of long term monitoring cameras across the Osa Peninsula,,,,,
2003884,OCCT13_M238_20250926,OCCT13,-83.323034,8.410447,2025-09-26 00:00:00,2025-11-21 00:00:00,None,,Road dirt,off trail,2120730,M238,1,Camera Functioning,Other,42,Parallel,,,,,Long Term Monitoring,Grid of long term monitoring cameras across the Osa Peninsula,,,,,
2003884,LUMO022_M360_20260209,LUMO022,-83.0075,9.009711,2026-02-09 00:00:00,2026-06-03 00:00:00,None,,Other,forest,2185241,M360,1,Camera Functioning,Other,24,Parallel,,,,,FarmsforNature,,,,,,
2003884,OCCT14_M227_2025-11-21,OCCT14,-83.31898,8.41895,2025-11-21 00:00:00,2026-01-17 00:00:00,None,,Other,,2125306,M227,1,Unknown Failure,Knee height,,Parallel,,,,0,Long Term Monitoring,Grid of long term monitoring cameras across the Osa Peninsula,,,,,
2003884,OCCT33_M243_04092024,OCCT33,-83.343922,8.428401,2024-09-04 00:00:00,2024-11-28 00:00:00,None,,Other,off trail,2133055,M243,1,Camera Functioning,Other,46,Parallel,,,,,Long Term Monitoring,Grid of long term monitoring cameras across the Osa Peninsula,,,,,
2003884,OCCT28_M256_20250924,OCCT28,-83.40675,8.51834,2025-09-24 00:00:00,2025-12-01 00:00:00,None,,Road dirt,off trail,2132700,M256,1,Camera Functioning,Other,57,Parallel,,,,,Long Term Monitoring,Grid of long term monitoring cameras across the Osa Peninsula,,,,,
2003884,OCCT30_M239_20250730,OCCT30,-83.29472,8.7703,2025-07-30 00:00:00,2025-09-24 00:00:00,None,,Road dirt,off trail,2140952,M239,1,Camera Functioning,Other,35,Parallel,,,,,Long Term Monitoring,Grid of long term monitoring cameras across the Osa Peninsula,,,,,
2003884,OCCT32_M209_912025,OCCT32,-83.170434,8.64031,2025-01-09 00:00:00,2025-03-12 00:00:00,None,,Other,,2125277,M209,1,Camera Functioning,Knee height,,Parallel,,,,0,Long Term Monitoring,Grid of long term monitoring cameras across the Osa Peninsula,,,,,
2003884,OCCT31_M261_912025,OCCT31,-83.1722,8.66869,2025-01-09 00:00:00,2025-03-12 00:00:00,None,,Other,,2132685,M261,1,Camera Functioning,Knee height,,Parallel,,,,0,Long Term Monitoring,Grid of long term monitoring cameras across the Osa Peninsula,,,,,
2003884,OCCT07_M278_20250730,OCCT07,-83.28998,8.76422,2025-07-30 00:00:00,2025-09-24 00:00:00,None,,Road dirt,off trail,2132125,M278,1,Camera Functioning,Other,48,Parallel,,,,,Long Term Monitoring,Grid of long term monitoring cameras across the Osa Peninsula,,,,,
2003884,OCCT03_M009_15032022,OCCT03,-83.3322867,8.40871416,2022-03-15 00:00:00,2022-04-09 00:00:00,None,,Trail hiking,,2040864,M009,30,Camera Functioning,Knee height,,Parallel,,,,,,,,,,,
2003884,OCCT29_M262_20250729,OCCT29,-83.17074878,8.67620952,2025-07-29 00:00:00,2025-09-23 00:00:00,None,,Road dirt,off trail,2132665,M262,1,Camera Functioning,Other,76,Parallel,,,,,Long Term Monitoring,Grid of long term monitoring cameras across the Osa Peninsula,,,,,
2003884,OCCT34_M260_20250729,OCCT34,-83.17559,8.67697,2025-07-29 00:00:00,2025-09-23 00:00:00,None,,Road dirt,off trail,2132682,M260,1,Camera Functioning,Other,51,Parallel,,,,,Long Term Monitoring,Grid of long term monitoring cameras across the Osa Peninsula,,,,,
2003884,OCCT03_M012_15032022,OCCT03,-83.3322867,8.40871416,2022-03-15 00:00:00,2022-04-09 00:00:00,None,,Trail hiking,,2040865,M012,30,Camera Functioning,Knee height,,Parallel,,,,,,,,,,,
2003884,OCCT32_M220_20250729,OCCT32,-83.170434,8.64031,2025-07-29 00:00:00,2025-09-23 00:00:00,None,,Road dirt,off trail,2125296,M220,1,Camera Functioning,Other,44,Parallel,,,,,Long Term Monitoring,Grid of long term monitoring cameras across the Osa Peninsula,,,,,
2003884,OCCT04_M013_15032022,OCCT04,-83.3335345,8.40477495,2022-03-15 00:00:00,2022-04-09 00:00:00,None,,Trail hiking,,2040863,M013,30,Camera Functioning,Knee height,,Parallel,,,,,,,,,,,
2003884,OCCT04_M014_15032022,OCCT04,-83.3335345,8.40477495,2022-03-15 00:00:00,2022-04-09 00:00:00,None,,Trail hiking,,2040860,M014,30,Camera Functioning,Knee height,,Parallel,,,,,,,,,,,
2003884,OCCT05_M020_15032022,OCCT04,-83.3335345,8.40477495,2022-03-15 00:00:00,2022-04-11 00:00:00,None,,Trail hiking,,2040857,M016,30,Camera Functioning,Knee height,,Parallel,,,,,,,,,,,
2003884,OCCT04_M015_15032022a,OCCT04,-83.3335345,8.40477495,2022-03-15 00:00:00,2022-04-11 00:00:00,None,,Trail hiking,,2040858,M015,30,Camera Functioning,Knee height,,Parallel,,,,,,,,,,,
2003884,OCCT15_M159_31052024,OCCT15,-83.35772,8.44355,2024-05-31 00:00:00,2024-06-02 00:00:00,None,,Other,,2114346,M159,1,Unknown Failure,Knee height,,Parallel,,,,,Long Term Monitoring,Grid of long term monitoring cameras across the Osa Peninsula,,,,,
2003884,OCCT31_M261_20250729,OCCT31,-83.1722,8.66869,2025-07-29 00:00:00,2025-09-23 00:00:00,None,,Road dirt,off trail,2132685,M261,1,Camera Functioning,Other,36,Parallel,,,,,Long Term Monitoring,Grid of long term monitoring cameras across the Osa Peninsula,,,,,
2003884,OCCT05_M017_15032022,OCCT05,-83.3385032,8.41074489,2022-03-15 00:00:00,2022-04-11 00:00:00,None,,Trail hiking,,2040855,M017,30,Camera Functioning,Knee height,,Parallel,,,,,,,,,,,
2003884,OCCT33_M243_2025-02-05,OCCT08,-83.32686,8.40875,2025-02-05 00:00:00,2025-04-08 00:00:00,None,,Other,,2133055,M243,1,Camera Functioning,Knee height,,Parallel,,,,,Long Term Monitoring,Grid of long term monitoring cameras across the Osa Peninsula,,,,,
2003884,OCCT05_M018_15032022,OCCT05,-83.3385032,8.41074489,2022-03-15 00:00:00,2022-04-11 00:00:00,None,,Trail hiking,,2040853,M018,30,Camera Functioning,Knee height,,Parallel,,,,,,,,,,,
2003884,OCCT05_M019_15032022,OCCT05,-83.3385032,8.41074489,2022-03-15 00:00:00,2022-04-11 00:00:00,None,,Trail hiking,,2040849,M019,30,Camera Functioning,Knee height,,Parallel,,,,,,,,,,,
2003884,OCCT29_M240_16072024,OCCT29,-83.17074878,8.67620952,2024-07-16 00:00:00,2024-09-07 00:00:00,None,,Other,,2120686,M240,1,Unknown Failure,Knee height,,Parallel,,,,,Long Term Monitoring,Grid of long term monitoring cameras across the Osa Peninsula,,,,,
2003884,OCCT31_C181_16072024,OCCT31,-83.1722,8.66869,2024-07-16 00:00:00,2024-10-30 00:00:00,None,,Other,,2019289,C181,1,Unknown Failure,Knee height,,Parallel,,,,0,Long Term Monitoring,Grid of long term monitoring cameras across the Osa Peninsula,,,,,
2003884,OCCT30_M231_24062024,OCCT30,-83.29472,8.7703,2024-06-24 00:00:00,2024-10-29 00:00:00,None,,Other,,2120717,M231,1,Camera Functioning,Knee height,,Parallel,,,,0,Long Term Monitoring,Grid of long term monitoring cameras across the Osa Peninsula,,,,,
2003884,OCCT07_C165_24062024,OCCT07,-83.28998,8.76422,2024-06-24 00:00:00,2024-10-29 00:00:00,None,,Other,,2019273,C165,1,Unknown Failure,Knee height,,Parallel,,,,0,Long Term Monitoring,Grid of long term monitoring cameras across the Osa Peninsula,,,,,
2003884,OCCT26_M238_24062024,OCCT26,-83.334733,8.730267,2024-06-24 00:00:00,2024-10-28 00:00:00,None,,Other,,2120730,M238,1,Unknown Failure,Knee height,,Parallel,,,,0,Long Term Monitoring,Grid of long term monitoring cameras across the Osa Peninsula,,,,,
2003884,OCCT27_M234_24062024,OCCT27,-83.33573,8.73433,2024-06-24 00:00:00,2024-10-28 00:00:00,None,,Other,,2120736,M234,1,Unknown Failure,Knee height,,Parallel,,,,0,Long Term Monitoring,Grid of long term monitoring cameras across the Osa Peninsula,,,,,
2003884,OCCT05_M020_15032022a,OCCT05,-83.3385032,8.41074489,2022-03-15 00:00:00,2022-04-11 00:00:00,None,,Trail hiking,,2040848,M020,30,Camera Functioning,Knee height,,Parallel,,,,,,,,,,,
2003884,OCCT66_M244_11122024,OCCT66,-83.317967,8.404714,2024-12-11 00:00:00,2025-02-24 00:00:00,None,,Other,,2133057,M244,1,Camera Functioning,Knee height,,Parallel,,,,0,Long Term Monitoring,Grid of long term monitoring cameras across the Osa Peninsula,,,,,
2003884,OCCT27_M234_20250731,OCCT27,-83.33573,8.73433,2025-07-31 00:00:00,2025-09-25 00:00:00,None,,Road dirt,off trail,2120736,M234,1,Unknown Failure,Other,48,Parallel,,,,,Long Term Monitoring,Grid of long term monitoring cameras across the Osa Peninsula,,,,,
2003884,OCCT29_M262_20251118,OCCT29,-83.17074878,8.67620952,2025-11-18 00:00:00,2026-03-04 00:00:00,None,,Other,,2132665,M262,1,Camera Functioning,Knee height,,Parallel,,,,0,Long Term Monitoring,Grid of long term monitoring cameras across the Osa Peninsula,,,,,
2003884,OCCT34_M260_20251118,OCCT34,-83.17559,8.67697,2025-11-18 00:00:00,2026-03-04 00:00:00,None,,Other,,2132682,M260,1,Camera Functioning,Knee height,,Parallel,,,,0,Long Term Monitoring,Grid of long term monitoring cameras across the Osa Peninsula,,,,,
2003884,ANMO019_M356_20260209,ANMO019,-83.0089,9.009089,2026-02-09 00:00:00,2026-06-03 00:00:00,None,,Other,restoration,2185278,M356,1,Camera Functioning,Other,27,Parallel,,,,,FarmsforNature,,,,,,
2003884,OCCT32_M220_20251118,OCCT32,-83.170434,8.64031,2025-11-18 00:00:00,2026-03-04 00:00:00,None,,Other,,2125296,M220,1,Unknown Failure,Knee height,,Parallel,,,,0,Long Term Monitoring,Grid of long term monitoring cameras across the Osa Peninsula,,,,,
2003884,OCCT28_M256_20251201,OCCT28,-83.40675,8.51834,2025-12-01 00:00:00,2026-03-05 00:00:00,None,,Other,,2132700,M256,1,Unknown Failure,Knee height,,Parallel,,,,0,Long Term Monitoring,Grid of long term monitoring cameras across the Osa Peninsula,,,,,
2003884,OCCT07_M022_1632022,OCCT07,-83.28998,8.76422,2022-03-16 00:00:00,2022-06-07 00:00:00,None,,Other,,2043427,M022a,30,Camera Functioning,Knee height,,Parallel,,,,,Long Term Monitoring,Grid of long term monitoring cameras across the Osa Peninsula,,,,,lomas3
2003884,OCCT06_M231_20251119,OCCT06,-83.29323,8.77809,2025-11-19 00:00:00,2026-03-06 00:00:00,None,,Other,,2120717,M231,1,Camera Functioning,Knee height,,Parallel,,,,0,Long Term Monitoring,Grid of long term monitoring cameras across the Osa Peninsula,,,,,
2003884,OCCT29_M262_2025-06-06,OCCT29,-83.17074878,8.67620952,2025-06-06 00:00:00,2025-07-29 00:00:00,None,,Other,,2132665,M262,1,Camera Functioning,Knee height,,Parallel,,,,0,Long Term Monitoring,Grid of long term monitoring cameras across the Osa Peninsula,,,,,
2003884,OCCT34_M260_2025-06-06,OCCT34,-83.17559,8.67697,2025-06-06 00:00:00,2025-07-29 00:00:00,None,,Other,,2132682,M260,1,Camera Functioning,Knee height,,Parallel,,,,0,Long Term Monitoring,Grid of long term monitoring cameras across the Osa Peninsula,,,,,
2003884,ANMO020_M336_20260209,ANMO020,-83.0095,9.008162,2026-02-09 00:00:00,2026-06-03 00:00:00,None,,Other,forest,2185288,M336,1,Camera Functioning,Other,36,Parallel,,,,,FarmsforNature,,,,,,
2003884,OCCT30_M279_20251119,OCCT30,-83.29472,8.7703,2025-11-19 00:00:00,2026-03-06 00:00:00,None,,Other,,2132123,M279,1,Unknown Failure,Knee height,,Parallel,,,,0,Long Term Monitoring,Grid of long term monitoring cameras across the Osa Peninsula,,,,,
2003884,OCCT07_M303_20251119,OCCT07,-83.28998,8.76422,2025-11-19 00:00:00,2026-03-06 00:00:00,None,,Other,,2174292,M303,1,Unknown Failure,Knee height,,Parallel,,,,0,Long Term Monitoring,Grid of long term monitoring cameras across the Osa Peninsula,,,,,
2003884,OCCT26_M257_20251119,OCCT26,-83.334733,8.730267,2025-11-19 00:00:00,2026-03-05 00:00:00,None,,Other,,2136354,M257,1,Camera Functioning,Knee height,,Parallel,,,,0,Long Term Monitoring,Grid of long term monitoring cameras across the Osa Peninsula,,,,,
2003884,OCCT31_M090_02112022,OCCT31,-83.1722,8.66869,2022-11-02 00:00:00,2023-02-14 00:00:00,None,,Other,,2077351,M090,1,Camera Functioning,Knee height,,Parallel,,,,,Long Term Monitoring,Grid of long term monitoring cameras across the Osa Peninsula,,,,,
2003884,OCCT66_M244_14102024,OCCT66,-83.317967,8.404714,2024-10-14 00:00:00,2024-12-11 00:00:00,None,,Other,off trail,2133057,M244,1,Camera Functioning,Other,40,Parallel,,,,,Long Term Monitoring,Grid of long term monitoring cameras across the Osa Peninsula,,,,,
2003884,OCCT28_M256_20250730,OCCT28,-83.40675,8.51834,2025-07-30 00:00:00,2025-09-24 00:00:00,None,,Road dirt,off trail,2132700,M256,1,Camera Functioning,Other,57,Parallel,,,,,Long Term Monitoring,Grid of long term monitoring cameras across the Osa Peninsula,,,,,
2003884,OCCT08_M179_2025-02-24,OCCT08,-83.32686,8.40875,2025-02-24 00:00:00,2025-04-21 00:00:00,None,,Other,,2132658,M179,1,Camera Functioning,Knee height,,Parallel,,,,0,Long Term Monitoring,Grid of long term monitoring cameras across the Osa Peninsula,,,,,
2003884,JUAT032_M364_20260213,JUAT032,-82.854,8.582418,2026-02-13 00:00:00,2026-06-01 00:00:00,None,,Other,restoration,2185310,M364,1,Camera Functioning,Other,58,Parallel,,,,,FarmsforNature,,,,,,
2003884,OCCT08_M023_3032022,OCCT08,-83.32686,8.40875,2022-03-30 00:00:00,2022-06-22 00:00:00,None,,Other,,2043559,M023a,30,Camera Functioning,Knee height,,Pointed Downward,,,,,Long Term Monitoring,Grid of long term monitoring cameras across the Osa Peninsula,,,,,Site Station Ajo
2003884,OCCT08_M058_20220622,OCCT08,-83.32686,8.40875,2022-06-22 00:00:00,2022-08-19 00:00:00,None,,Trail hiking,,2080548,M058,30,Camera Functioning,Other,45,Pointed Downward,,,,,Long Term Monitoring,Grid of long term monitoring cameras across the Osa Peninsula,,,,,
2003884,OCCT06_M021_1632022,OCCT06,-83.29323,8.77809,2022-03-16 00:00:00,2022-06-08 00:00:00,None,,Other,,2043425,M021a,30,Camera Functioning,Knee height,,Parallel,,,,,Long Term Monitoring,Grid of long term monitoring cameras across the Osa Peninsula,,,,,Camara en lomas (lomas1)
2003884,OCCT33_M243_20250623,OCCT33,-83.343922,8.428401,2025-06-23 00:00:00,2025-08-21 00:00:00,None,,Road dirt,off trail,2133055,M243,1,Camera Functioning,Other,46,Parallel,,,,,Long Term Monitoring,Grid of long term monitoring cameras across the Osa Peninsula,,,,,
2003884,OCCT32_m097_04082022,OCCT32,-83.170434,8.64031,2022-08-04 00:00:00,2022-11-02 00:00:00,None,,Other,,2070054,m097,1,Camera Functioning,Knee height,,Parallel,,,,,Long Term Monitoring,Grid of long term monitoring cameras across the Osa Peninsula,,,,,
2003884,OCCT31_m107_04082022,OCCT31,-83.1722,8.66869,2022-08-04 00:00:00,2022-11-02 00:00:00,None,,Other,,2070055,m107,1,Camera Functioning,Knee height,,Parallel,,,,,Long Term Monitoring,Grid of long term monitoring cameras across the Osa Peninsula,,,,,
2003884,OCCT10_M025_1432022,OCCT10,-83.34736,8.4086,2022-03-14 00:00:00,2022-06-28 00:00:00,None,,Other,,2047660,M025,30,Camera Functioning,Knee height,,Parallel,,,,,Long Term Monitoring,Grid of long term monitoring cameras across the Osa Peninsula,,,,,
2003884,OCCT11_M026_1432022,OCCT11,-83.34373,8.42222,2022-03-14 00:00:00,2022-06-27 00:00:00,None,,Other,,2047661,M026,30,Camera Functioning,Knee height,,Parallel,,,,,Long Term Monitoring,Grid of long term monitoring cameras across the Osa Peninsula,,,,,
2003884,OCCT12_M027_1432022,OCCT12,-83.33446,8.42229,2022-03-14 00:00:00,2022-06-28 00:00:00,None,,Other,,2047662,M027,30,Camera Functioning,Knee height,,Parallel,,,,,Long Term Monitoring,Grid of long term monitoring cameras across the Osa Peninsula,,,,,
2003884,OCCT13_M028_1432022,OCCT13,-83.323034,8.410447,2022-04-14 00:00:00,2022-06-27 00:00:00,None,,Other,,2047663,M028,30,Unknown Failure,Knee height,,Parallel,,,,,Long Term Monitoring,Grid of long term monitoring cameras across the Osa Peninsula,,,,,
2003884,OCCT32_M220_2025-06-06,OCCT32,-83.170434,8.64031,2025-06-06 00:00:00,2025-07-29 00:00:00,None,,Other,,2125296,M220,1,Camera Functioning,Knee height,,Parallel,,,,0,Long Term Monitoring,Grid of long term monitoring cameras across the Osa Peninsula,,,,,
2003884,OCCT66_M108_1632023,OCCT66,-83.317967,8.404714,2023-03-16 00:00:00,2023-11-17 00:00:00,None,,Other,,2097148,M108,1,Unknown Failure,Knee height,,Parallel,,,,,Long Term Monitoring,Grid of long term monitoring cameras across the Osa Peninsula,,,,,
2003884,OCCT14_M029_1432022,OCCT14,-83.31898,8.41895,2022-03-14 00:00:00,2022-06-27 00:00:00,None,,Other,,2047664,M029,30,Camera Functioning,Knee height,,Parallel,,,,,Long Term Monitoring,Grid of long term monitoring cameras across the Osa Peninsula,,,,,
2003884,OCCT15_M042_15022024,OCCT15,-83.35772,8.44355,2024-02-15 00:00:00,2024-05-31 00:00:00,None,,Other,,2095851,M042,1,Camera Functioning,Knee height,,Parallel,,,,,Long Term Monitoring,Grid of long term monitoring cameras across the Osa Peninsula,,,,,
2003884,OCCT16_M060_15022024,OCCT16,-83.36115,8.4556,2024-02-15 00:00:00,2024-03-22 00:00:00,None,,Other,,2080580,M060,1,Camera Functioning,Knee height,,Parallel,,,,,Long Term Monitoring,Grid of long term monitoring cameras across the Osa Peninsula,,,,,
2003884,OCCT19_M034_2962022,OCCT19,-83.3768,8.46047,2022-06-29 00:00:00,2022-08-30 00:00:00,None,,Other,long-term monitoring,2047667,M034,3,Camera Functioning,Knee height,,Other,74,,,,Long Term Monitoring,Grid of long term monitoring cameras across the Osa Peninsula,,,,,
2003884,OCCT17_M032_18322,OCCT17,-83.3742,8.45589,2022-03-18 00:00:00,2022-06-29 00:00:00,None,,Other,,2047665,M032,30,Unknown Failure,Knee height,,Parallel,,,,,Long Term Monitoring,Grid of long term monitoring cameras across the Osa Peninsula,,,,,
2003884,OCCT18_M033_18322,OCCT18,-83.36529,8.46915,2022-03-18 00:00:00,2022-06-29 00:00:00,None,,Other,,2047666,M033,30,Camera Functioning,Knee height,,Parallel,,,,,Long Term Monitoring,Grid of long term monitoring cameras across the Osa Peninsula,,,,,
2003884,OCCT15_M313_20251106,OCCT15,-83.35772,8.44355,2025-11-06 00:00:00,2026-01-16 00:00:00,None,,Other,,2141055,M313,1,Camera Functioning,Knee height,,Parallel,,,,0,Long Term Monitoring,Grid of long term monitoring cameras across the Osa Peninsula,,,,,
2003884,OCCT16_M210_20251106,OCCT16,-83.36115,8.4556,2025-11-06 00:00:00,2026-01-16 00:00:00,None,,Other,,2125278,M210,1,Camera Functioning,Knee height,,Parallel,,,,0,Long Term Monitoring,Grid of long term monitoring cameras across the Osa Peninsula,,,,,
2003884,OCCT18_M247_20251106,OCCT18,-83.36529,8.46915,2025-11-06 00:00:00,2026-01-16 00:00:00,None,,Other,,2132659,M247,1,Camera Functioning,Knee height,,Parallel,,,,0,Long Term Monitoring,Grid of long term monitoring cameras across the Osa Peninsula,,,,,
2003884,OCCT19_M034_18322,OCCT19,-83.3768,8.46047,2022-03-18 00:00:00,2022-06-29 00:00:00,None,,Other,,2047667,M034,30,Camera Functioning,Knee height,,Parallel,,,,,Long Term Monitoring,Grid of long term monitoring cameras across the Osa Peninsula,,,,,
2003884,OCCT26_M257_2025-06-05,OCCT26,-83.334733,8.730267,2025-06-05 00:00:00,2025-07-31 00:00:00,None,,Other,,2136354,M257,1,Camera Functioning,Knee height,,Parallel,,,,0,Long Term Monitoring,Grid of long term monitoring cameras across the Osa Peninsula,,,,,
2003884,OCCT66_M244_2025-02-24,OCCT66,-83.317967,8.404714,2025-02-24 00:00:00,2025-04-21 00:00:00,None,,Other,,2133057,M244,1,Camera Functioning,Knee height,,Parallel,,,,0,Long Term Monitoring,Grid of long term monitoring cameras across the Osa Peninsula,,,,,
2003884,OCCT28_M105_20220727,OCCT28,-83.40675,8.51834,2022-07-27 00:00:00,2022-09-14 00:00:00,None,,None,,2054736,m105,1,Camera Functioning,Knee height,,Parallel,,,,,Long Term Monitoring,Grid of long term monitoring cameras across the Osa Peninsula,,,,,
2003884,OCCT27_M234_2025-06-05,OCCT27,-83.33573,8.73433,2025-06-05 00:00:00,2025-07-31 00:00:00,None,,Other,,2120736,M234,1,Camera Functioning,Knee height,,Parallel,,,,0,Long Term Monitoring,Grid of long term monitoring cameras across the Osa Peninsula,,,,,
2003884,OCCT09_M370_20251230,OCCT09,-83.3405,8.41069,2025-12-30 00:00:00,2026-03-16 00:00:00,None,,Other,,2138080,M370,1,Film Failure,Knee height,,Parallel,,,,0,Long Term Monitoring,Grid of long term monitoring cameras across the Osa Peninsula,,,,,
2003884,OCCT12_M225_20260110,OCCT12,-83.33446,8.42229,2026-01-10 00:00:00,2026-04-06 00:00:00,None,,Other,,2125303,M225,1,Camera Functioning,Knee height,,Parallel,,,,0,Long Term Monitoring,Grid of long term monitoring cameras across the Osa Peninsula,,,,,
2003884,OCCT15_M113_772022,OCCT15,-83.35772,8.44355,2022-07-07 00:00:00,2022-08-27 00:00:00,None,,Other,,2052005,M113,30,Unknown Failure,Knee height,,Parallel,,,,,Long Term Monitoring,Grid of long term monitoring cameras across the Osa Peninsula,,,,,
2003884,OCCT07_M022_7062022,OCCT07,-83.28998,8.76422,2022-06-07 00:00:00,2022-08-29 00:00:00,None,,Other,,2043427,M022a,30,Unknown Failure,Knee height,,Parallel,,,,,Long Term Monitoring,Grid of long term monitoring cameras across the Osa Peninsula,,,,,
2003884,OCCT11_M026_27062022,OCCT11,-83.34373,8.42222,2022-06-27 00:00:00,2022-08-27 00:00:00,None,,Other,,2047661,M026,30,Unknown Failure,Knee height,,Parallel,,,,,Long Term Monitoring,Grid of long term monitoring cameras across the Osa Peninsula,,,,,"La camara fallaba, se cambio por una nueva"
2003884,OCCT28_M256_2025-06-05,OCCT28,-83.40675,8.51834,2025-06-05 00:00:00,2025-07-30 00:00:00,None,,Other,,2132700,M256,1,Camera Functioning,Knee height,,Parallel,,,,0,Long Term Monitoring,Grid of long term monitoring cameras across the Osa Peninsula,,,,,
2003884,OCCT13_M028_27062022,OCCT13,-83.323034,8.410447,2022-06-27 00:00:00,2022-08-26 00:00:00,None,,Other,,2047663,M028,30,Camera Functioning,Knee height,,Parallel,,,,,Long Term Monitoring,Grid of long term monitoring cameras across the Osa Peninsula,,,,,
2003884,OCCT14_M029_27062022,OCCT14,-83.31898,8.41895,2022-06-27 00:00:00,2022-08-26 00:00:00,None,,Other,,2047664,M029,30,Camera Functioning,Knee height,,Parallel,,,,,Long Term Monitoring,Grid of long term monitoring cameras across the Osa Peninsula,,,,,
2003884,OCCT12_M027_28062022,OCCT12,-83.33446,8.42229,2022-06-28 00:00:00,2022-08-19 00:00:00,None,,Other,,2047662,M027,30,Camera Functioning,Knee height,,Parallel,,,,,Long Term Monitoring,Grid of long term monitoring cameras across the Osa Peninsula,,,,,
2003884,OCCT14_M105_09052023,OCCT14,-83.31898,8.41895,2023-05-09 00:00:00,2023-08-24 00:00:00,None,,Other,,2069887,M102,1,Unknown Failure,Knee height,,Parallel,,,,,Long Term Monitoring,Grid of long term monitoring cameras across the Osa Peninsula,,,,,
2003884,OCCT06_M036_25042023,OCCT06,-83.29323,8.77809,2023-04-25 00:00:00,2023-08-28 00:00:00,None,,Other,,2087901,M036,1,Unknown Failure,Knee height,,Parallel,,,,,Long Term Monitoring,Grid of long term monitoring cameras across the Osa Peninsula,,,,,
2003884,OCCT08_M104_27042023,OCCT08,-83.32686,8.40875,2023-04-27 00:00:00,2023-08-01 00:00:00,None,,Other,,2080548,M058,1,Unknown Failure,Knee height,,Parallel,,,,,Long Term Monitoring,Grid of long term monitoring cameras across the Osa Peninsula,,,,,
2003884,OCCT26_M257_1012025,OCCT26,-83.334733,8.730267,2025-01-10 00:00:00,2025-03-13 00:00:00,None,,Other,,2136354,M257,1,Camera Functioning,Knee height,,Parallel,,,,0,Long Term Monitoring,Grid of long term monitoring cameras across the Osa Peninsula,,,,,
2003884,OCCT13_C190_08022024,OCCT13,-83.323034,8.410447,2024-02-08 00:00:00,2024-04-10 00:00:00,None,,Other,,2019104,C190,1,Camera Functioning,Knee height,,Parallel,,,,0,Long Term Monitoring,Grid of long term monitoring cameras across the Osa Peninsula,,,,,
2003884,OCCT30_M123_25042023,OCCT30,-83.29472,8.7703,2023-04-25 00:00:00,2023-08-28 00:00:00,None,,Other,,2069892,M123,1,Unknown Failure,Knee height,,Parallel,,,,,Long Term Monitoring,Grid of long term monitoring cameras across the Osa Peninsula,,,,,
2003884,OCCT27_M234_1012025,OCCT27,-83.33573,8.73433,2025-01-10 00:00:00,2025-03-13 00:00:00,None,,Other,,2120736,M234,1,Camera Functioning,Knee height,,Parallel,,,,0,Long Term Monitoring,Grid of long term monitoring cameras across the Osa Peninsula,,,,,
2003884,OCCT14_M155_08022024,OCCT14,-83.31898,8.41895,2024-02-08 00:00:00,2024-04-10 00:00:00,None,,Other,,2093667,M155,1,Camera Functioning,Knee height,,Parallel,,,,0,Long Term Monitoring,Grid of long term monitoring cameras across the Osa Peninsula,,,,,
2003884,OCCT13_M298_20260117,OCCT13,-83.323034,8.410447,2026-01-17 00:00:00,2026-04-07 00:00:00,None,,Other,,2139104,M298,1,Film Failure,Knee height,,Parallel,,,,,Long Term Monitoring,Grid of long term monitoring cameras across the Osa Peninsula,,,,,
2003884,OCCT28_M256_1012025,OCCT28,-83.40675,8.51834,2025-01-10 00:00:00,2025-03-14 00:00:00,None,,Other,,2132700,M256,1,Camera Functioning,Knee height,,Parallel,,,,0,Long Term Monitoring,Grid of long term monitoring cameras across the Osa Peninsula,,,,,
2003884,OCCT14_M324_20260117,OCCT14,-83.31898,8.41895,2026-01-17 00:00:00,2026-04-07 00:00:00,None,,Other,,2177468,M324,1,Camera Functioning,Knee height,,Parallel,,,,0,Long Term Monitoring,Grid of long term monitoring cameras across the Osa Peninsula,,,,,
2003884,OCCT10_M211_21112024,OCCT10,-83.34736,8.4086,2024-11-21 00:00:00,2025-02-06 00:00:00,None,,Other,,2125280,M211,1,Camera Functioning,Knee height,,Parallel,,,,0,Long Term Monitoring,Grid of long term monitoring cameras across the Osa Peninsula,,,,,
2003884,OCCT16_M060_27042023,OCCT16,-83.36115,8.4556,2023-04-27 00:00:00,2023-08-16 00:00:00,None,,Other,,2080580,M060,1,Unknown Failure,Knee height,,Parallel,,,,,Long Term Monitoring,Grid of long term monitoring cameras across the Osa Peninsula,,,,,
2003884,OCCT10_M290_20251230,OCCT10,-83.34736,8.4086,2025-12-30 00:00:00,2026-03-16 00:00:00,None,,Other,,2138781,M290,1,Camera Functioning,Knee height,,Parallel,,,,0,Long Term Monitoring,Grid of long term monitoring cameras across the Osa Peninsula,,,,,
2003884,OCCT33_M243_28112024,OCCT33,-83.343922,8.428401,2024-11-28 00:00:00,2025-02-05 00:00:00,None,,Other,,2133055,M243,1,Camera Functioning,Knee height,,Parallel,,,,0,Long Term Monitoring,Grid of long term monitoring cameras across the Osa Peninsula,,,,,
2003884,OCCT09_M172_21112024,OCCT09,-83.3405,8.41069,2024-11-21 00:00:00,2025-02-06 00:00:00,None,,Other,,2136126,M172,1,Unknown Failure,Knee height,,Parallel,,,,0,Long Term Monitoring,Grid of long term monitoring cameras across the Osa Peninsula,,,,,
2003884,OCCT33_M243_20251228,OCCT33,-83.343922,8.428401,2025-12-28 00:00:00,2026-03-16 00:00:00,None,,Other,,2133055,M243,1,Camera Functioning,Knee height,,Parallel,,,,0,Long Term Monitoring,Grid of long term monitoring cameras across the Osa Peninsula,,,,,
2003884,OCCT10_M211_2025-02-06,OCCT10,-83.34736,8.4086,2025-02-06 00:00:00,2025-04-14 00:00:00,None,,Other,,2125280,M211,1,Camera Functioning,Knee height,,Parallel,,,,0,Long Term Monitoring,Grid of long term monitoring cameras across the Osa Peninsula,,,,,
2003884,OCCT09_M370_2025-02-06,OCCT09,-83.3405,8.41069,2025-02-06 00:00:00,2025-04-14 00:00:00,None,,Other,,2138080,M370,1,Camera Functioning,Knee height,,Parallel,,,,0,Long Term Monitoring,Grid of long term monitoring cameras across the Osa Peninsula,,,,,
2003884,OCCT07_M070_28112024,OCCT07,-83.28998,8.76422,2024-11-28 00:00:00,2025-02-05 00:00:00,None,,Other,,2094002,M070,1,Camera Functioning,Knee height,,Parallel,,,,0,Long Term Monitoring,Grid of long term monitoring cameras across the Osa Peninsula,,,,,
2003884,OCCT08_M314_20251021,OCCT08,-83.32686,8.40875,2025-10-21 00:00:00,2026-01-19 00:00:00,None,,Other,off road,2138782,M314,1,Camera Functioning,Other,39,Parallel,,,,,Long Term Monitoring,Grid of long term monitoring cameras across the Osa Peninsula,,,,,
2003884,OCCT33_M243_20251031,OCCT33,-83.343922,8.428401,2025-10-31 00:00:00,2025-12-28 00:00:00,None,,Other,off road,2133055,M243,1,Camera Functioning,Other,46,Parallel,,,,,Long Term Monitoring,Grid of long term monitoring cameras across the Osa Peninsula,,,,,
2003884,OCCT66_M271_20251021,OCCT66,-83.317967,8.404714,2025-10-21 00:00:00,2026-01-19 00:00:00,None,,Other,off road,2174933,M271,1,Camera Functioning,Other,40,Parallel,,,,,Long Term Monitoring,Grid of long term monitoring cameras across the Osa Peninsula,,,,,
2003884,OCCT32_M038_07032024,OCCT32,-83.170434,8.64031,2024-03-07 00:00:00,2024-07-16 00:00:00,None,,Other,,2108539,M038,1,Camera Functioning,Knee height,,Parallel,,,,0,Long Term Monitoring,Grid of long term monitoring cameras across the Osa Peninsula,,,,,
2003884,OCCT31_C181_07032024,OCCT31,-83.1722,8.66869,2024-03-07 00:00:00,2024-05-09 00:00:00,None,,Other,,2019289,C181,1,Unknown Failure,Knee height,,Parallel,,,,,Long Term Monitoring,Grid of long term monitoring cameras across the Osa Peninsula,,,,,
2003884,OCCT28_ACO-0085-C_07032024,OCCT28,-83.40675,8.51834,2024-03-07 00:00:00,2024-07-18 00:00:00,None,,Other,,2098956,ACO-0085-C,1,Camera Functioning,Knee height,,Parallel,,,,0,Long Term Monitoring,Grid of long term monitoring cameras across the Osa Peninsula,,,,,
2003884,OCCT34_M136_07032024,OCCT34,-83.17559,8.67697,2024-03-07 00:00:00,2024-07-16 00:00:00,None,,Other,,2096155,M136,1,Unknown Failure,Knee height,,Parallel,,,,0,Long Term Monitoring,Grid of long term monitoring cameras across the Osa Peninsula,,,,,
2003884,OCCT13_M238_1112025,OCCT13,-83.323034,8.410447,2025-01-11 00:00:00,2025-03-15 00:00:00,None,,Other,,2120730,M238,1,Camera Functioning,Knee height,,Parallel,,,,0,Long Term Monitoring,Grid of long term monitoring cameras across the Osa Peninsula,,,,,
2003884,OCCT17_M048_27042023,OCCT17,-83.3742,8.45589,2023-04-27 00:00:00,2023-09-08 00:00:00,None,,Other,,2068199,M048,1,Unknown Failure,Knee height,,Parallel,,,,,Long Term Monitoring,Grid of long term monitoring cameras across the Osa Peninsula,,,,,
2003884,OCCT07_M070_2025-02-05,OCCT07,-83.28998,8.76422,2025-02-05 00:00:00,2025-04-08 00:00:00,None,,Other,,2094002,M070,1,Camera Functioning,Knee height,,Parallel,,,,0,Long Term Monitoring,Grid of long term monitoring cameras across the Osa Peninsula,,,,,
2003884,OCCT26_M053_25042023,OCCT26,-83.334733,8.730267,2023-04-25 00:00:00,2023-08-28 00:00:00,None,,Other,,2087987,M053,1,Unknown Failure,Knee height,,Parallel,,,,,Long Term Monitoring,Grid of long term monitoring cameras across the Osa Peninsula,,,,,
2003884,OCCT12_M127_30112024,OCCT12,-83.33446,8.42229,2024-11-30 00:00:00,2025-02-07 00:00:00,None,,Other,,2132102,M127,1,Unknown Failure,Knee height,,Parallel,,,,0,Long Term Monitoring,Grid of long term monitoring cameras across the Osa Peninsula,,,,,
2003884,OCCT27_M062_25042023,OCCT27,-83.33573,8.73433,2023-04-25 00:00:00,2023-08-28 00:00:00,None,,Other,,2087988,M062,1,Unknown Failure,Knee height,,Parallel,,,,,Long Term Monitoring,Grid of long term monitoring cameras across the Osa Peninsula,,,,,
2003884,OCCT33_M074_05052023,OCCT33,-83.343922,8.428401,2023-05-05 00:00:00,2023-05-21 00:00:00,None,,Other,,2073051,M074,1,Unknown Failure,Knee height,,Parallel,,,,,Long Term Monitoring,Grid of long term monitoring cameras across the Osa Peninsula,,,,,
2003884,OCCT16_M031_772022,OCCT16,-83.36115,8.4556,2022-07-07 00:00:00,2022-08-27 00:00:00,None,,None,,2047669,M031,1,Unknown Failure,Knee height,,Parallel,,,,,Long Term Monitoring,Grid of long term monitoring cameras across the Osa Peninsula,,,,,
2003884,OCCT26_M100_20220725,OCCT26,-83.334733,8.730267,2022-07-25 00:00:00,2022-10-03 00:00:00,None,,None,,2054734,M100,1,Camera Functioning,Knee height,,Parallel,,,,,Long Term Monitoring,Grid of long term monitoring cameras across the Osa Peninsula,,,,,
2003884,OCCT27_M087_20220727,OCCT27,-83.33573,8.73433,2022-07-27 00:00:00,2022-10-03 00:00:00,None,,None,,2054735,M087,1,Camera Functioning,Knee height,,Parallel,,,,,Long Term Monitoring,Grid of long term monitoring cameras across the Osa Peninsula,,,,,
2003884,OCCT14_M212_1112025,OCCT14,-83.31898,8.41895,2025-01-11 00:00:00,2025-03-15 00:00:00,None,,Other,,2132099,M212,1,Unknown Failure,Knee height,,Parallel,,,,0,Long Term Monitoring,Grid of long term monitoring cameras across the Osa Peninsula,,,,,
2003884,OCCT13_M131_26082022,OCCT13,-83.323034,8.410447,2022-08-26 00:00:00,2022-11-03 00:00:00,None,,Other,,2069882,M131,1,Unknown Failure,Knee height,,Parallel,,,,,Long Term Monitoring,Grid of long term monitoring cameras across the Osa Peninsula,,,,,
2003884,OCCT06_m103_29082022,OCCT06,-83.29323,8.77809,2022-08-29 00:00:00,2022-11-09 00:00:00,None,,Other,,2069889,m103,1,Unknown Failure,Knee height,,Parallel,,,,,Long Term Monitoring,Grid of long term monitoring cameras across the Osa Peninsula,,,,,
2003884,OCCT14_M102_26082022,OCCT14,-83.31898,8.41895,2022-08-26 00:00:00,2022-11-03 00:00:00,None,,Other,,2069887,M102,1,Unknown Failure,Knee height,,Parallel,,,,,Long Term Monitoring,Grid of long term monitoring cameras across the Osa Peninsula,,,,,
2003884,OCCT26_M123_29082022,OCCT30,-83.29472,8.7703,2022-08-29 00:00:00,2022-11-09 00:00:00,None,,Other,,2069892,M123,1,Camera Functioning,Knee height,,Parallel,,,,,Long Term Monitoring,Grid of long term monitoring cameras across the Osa Peninsula,,,,,
2003884,OCCT07_M068_29082022,OCCT07,-83.28998,8.76422,2022-08-29 00:00:00,2022-11-09 00:00:00,None,,Other,OCCT07,2052009,M068,1,Unknown Failure,Chest height,,Parallel,,,,,Long Term Monitoring,Grid of long term monitoring cameras across the Osa Peninsula,,,,,
2003884,OCCT31_M261_20251118,OCCT31,-83.1722,8.66869,2025-11-18 00:00:00,2026-03-04 00:00:00,None,,Other,off trail,2132685,M261,1,Camera Functioning,Other,36,Other,90,,,,Long Term Monitoring,Grid of long term monitoring cameras across the Osa Peninsula,,,,,
2003884,OCCT10_M109_23082022,OCCT10,-83.34736,8.4086,2022-08-23 00:00:00,2022-11-01 00:00:00,None,,Other,,2069881,M109,1,Unknown Failure,Knee height,,Parallel,,,,,Long Term Monitoring,Grid of long term monitoring cameras across the Osa Peninsula,,,,,
2003884,OCCT10_M219_2025-10-16,OCCT10,-83.34736,8.4086,2025-10-16 00:00:00,2025-12-30 00:00:00,None,,Other,,2125293,M219,1,Unknown Failure,Knee height,,Parallel,,,,0,Long Term Monitoring,Grid of long term monitoring cameras across the Osa Peninsula,,,,,
2003884,OCCT09_M370_2025-10-16,OCCT09,-83.3405,8.41069,2025-10-16 00:00:00,2025-12-30 00:00:00,None,,Other,,2138080,M370,1,Camera Functioning,Knee height,,Parallel,,,,0,Long Term Monitoring,Grid of long term monitoring cameras across the Osa Peninsula,,,,,
2003884,OCCT13_M298_2025-11-21,OCCT13,-83.323034,8.410447,2025-11-21 00:00:00,2026-01-17 00:00:00,None,,Other,,2139104,M298,1,Camera Functioning,Knee height,,Parallel,,,,0,Long Term Monitoring,Grid of long term monitoring cameras across the Osa Peninsula,,,,,
2003884,OCCT32_M139_14022023,OCCT32,-83.170434,8.64031,2023-02-14 00:00:00,2023-04-26 00:00:00,None,,Other,,2077349,M139,0,Unknown Failure,Knee height,,Parallel,,,,,Long Term Monitoring,Grid of long term monitoring cameras across the Osa Peninsula,,,,,
2003884,OCCT12_M225_2025-11-03,OCCT12,-83.33446,8.42229,2025-11-03 00:00:00,2026-01-10 00:00:00,None,,Other,,2125303,M225,1,Camera Functioning,Knee height,,Parallel,,,,0,Long Term Monitoring,Grid of long term monitoring cameras across the Osa Peninsula,,,,,
2003884,OCCT12_M225_2025-02-07,OCCT12,-83.33446,8.42229,2025-02-07 00:00:00,2025-04-07 00:00:00,None,,Other,,2125303,M225,1,Camera Functioning,Knee height,,Parallel,,,,0,Long Term Monitoring,Grid of long term monitoring cameras across the Osa Peninsula,,,,,
2003884,OCCT28_MO63_26042023,OCCT28,-83.40675,8.51834,2023-04-26 00:00:00,2023-09-01 00:00:00,None,,Other,,2087991,MO63,1,Unknown Failure,Knee height,,Parallel,,,,,Long Term Monitoring,Grid of long term monitoring cameras across the Osa Peninsula,,,,,
2003884,OCCT08_M179_11122024,OCCT08,-83.32686,8.40875,2024-12-11 00:00:00,2025-02-24 00:00:00,None,,Other,,2132658,M179,1,Camera Functioning,Knee height,,Parallel,,,,0,Long Term Monitoring,Grid of long term monitoring cameras across the Osa Peninsula,,,,,
2003884,OCCT70_M202_2852024,OCCT70,-83.18167,8.76793,2024-05-28 00:00:00,2024-10-25 00:00:00,None,,Other,on wildlife trail,2124140,M202,1,Camera Functioning,Other,48 centimeters,Other,6 degrees,,,,Fila Costeña,,,,,,"plant growing, transition from pasture to secondary forest, cattle close to the camera"
2003884,OCCT12_M075_09042024,OCCT12,-83.33446,8.42229,2024-04-09 00:00:00,2024-09-02 00:00:00,None,,Other,,2102127,M075,1,Unknown Failure,Knee height,,Parallel,,,,0,Long Term Monitoring,Grid of long term monitoring cameras across the Osa Peninsula,,,,,
2003884,OCCT34_M098_16072024,OCCT34,-83.17559,8.67697,2024-07-16 00:00:00,2024-09-29 00:00:00,None,,Other,,2124135,M098,1,Unknown Failure,Knee height,,Parallel,,,,,Long Term Monitoring,Grid of long term monitoring cameras across the Osa Peninsula,,,,,
2003884,OCCT14_M155_10042024,OCCT14,-83.31898,8.41895,2024-04-10 00:00:00,2024-11-25 00:00:00,None,,Other,,2093667,M155,1,Unknown Failure,Knee height,,Parallel,,,,0,Long Term Monitoring,Grid of long term monitoring cameras across the Osa Peninsula,,,,,
2003884,OCCT07_C165_08032024,OCCT07,-83.28998,8.76422,2024-03-08 00:00:00,2024-06-24 00:00:00,None,,Other,,2019273,C165,1,Camera Functioning,Chest height,,Parallel,,,,0,Long Term Monitoring,Grid of long term monitoring cameras across the Osa Peninsula,,,,,
2003884,OCCT27_C181_08032024,OCCT27,-83.33573,8.73433,2024-03-08 00:00:00,2024-05-04 00:00:00,None,,Other,,2019289,C181,1,Unknown Failure,Knee height,,Parallel,,,,,Long Term Monitoring,Grid of long term monitoring cameras across the Osa Peninsula,,,,,
2003884,OCCT09_M024_1432022,OCCT09,-83.3405,8.41069,2022-08-19 00:00:00,2022-11-01 00:00:00,None,,Other,,2068193,M046,1,Unknown Failure,Knee height,,Parallel,,,,,Long Term Monitoring,Grid of long term monitoring cameras across the Osa Peninsula,,,,,
2003884,OCCT06_M279_812025,OCCT06,-83.29323,8.77809,2025-01-08 00:00:00,2025-03-13 00:00:00,None,,Other,,2132123,M279,1,Camera Functioning,Knee height,,Parallel,,,,0,Long Term Monitoring,Grid of long term monitoring cameras across the Osa Peninsula,,,,,
2003884,OCCT27_M098_20251119,OCCT27,-83.33573,8.73433,2025-11-19 00:00:00,2026-03-05 00:00:00,None,,Other,off road,2124135,M098,1,Unknown Failure,Other,48,Parallel,,,,,Long Term Monitoring,Grid of long term monitoring cameras across the Osa Peninsula,,,,,
2003884,OCCT09_M046_1432022 (remove),OCCT09,-83.3405,8.41069,2022-03-14 00:00:00,2022-06-22 00:00:00,None,,None,,2068193,M046,30,Camera Functioning,Knee height,,Parallel,,,,,Long Term Monitoring,Grid of long term monitoring cameras across the Osa Peninsula,,,,,
2003884,OCCT30_M231_812025,OCCT30,-83.29472,8.7703,2025-01-08 00:00:00,2025-03-13 00:00:00,None,,Other,,2120717,M231,1,Camera Functioning,Knee height,,Parallel,,,,0,Long Term Monitoring,Grid of long term monitoring cameras across the Osa Peninsula,,,,,
2003884,OCCT07_M278_812025,OCCT07,-83.28998,8.76422,2025-01-08 00:00:00,2025-03-13 00:00:00,None,,Other,,2132125,M278,1,Camera Functioning,Knee height,,Parallel,,,,0,Long Term Monitoring,Grid of long term monitoring cameras across the Osa Peninsula,,,,,
2003884,OCCT16_M210_29112024,OCCT16,-83.36115,8.4556,2024-11-29 00:00:00,2025-03-18 00:00:00,None,,Other,,2125278,M210,1,Camera Functioning,Knee height,,Parallel,,,,0,Long Term Monitoring,Grid of long term monitoring cameras across the Osa Peninsula,,,,,
2003884,OCCT15_M313_20260116,OCCT15,-83.35772,8.44355,2026-01-16 00:00:00,2026-04-30 00:00:00,None,,Other,off trail,2141055,M313,1,Camera Functioning,Other,35,Parallel,,,,,Long Term Monitoring,Grid of long term monitoring cameras across the Osa Peninsula,,,,,
2003884,OCCT17_M276_162025,OCCT17,-83.3742,8.45589,2025-01-06 00:00:00,2025-03-01 00:00:00,None,,Other,,2136296,M276,1,Unknown Failure,Knee height,,Parallel,,,,0,Long Term Monitoring,Grid of long term monitoring cameras across the Osa Peninsula,,,,,
2003884,OCCT18_M247_162025,OCCT18,-83.36529,8.46915,2025-01-06 00:00:00,2025-03-01 00:00:00,None,,Other,,2132659,M247,1,Unknown Failure,Knee height,,Parallel,,,,0,Long Term Monitoring,Grid of long term monitoring cameras across the Osa Peninsula,,,,,
2003884,OCCT26_M181_08032024,OCCT26,-83.334733,8.730267,2024-03-08 00:00:00,2024-07-16 00:00:00,None,,Other,,2108518,M181,1,Unknown Failure,Knee height,,Parallel,,,,0,Long Term Monitoring,Grid of long term monitoring cameras across the Osa Peninsula,,,,,
2003884,OCCT29_M262_912025,OCCT29,-83.17074878,8.67620952,2025-01-09 00:00:00,2025-03-12 00:00:00,None,,Other,,2132665,M262,1,Camera Functioning,Knee height,,Parallel,,,,0,Long Term Monitoring,Grid of long term monitoring cameras across the Osa Peninsula,,,,,
2003884,OCCT34_M260_912025,OCCT34,-83.17559,8.67697,2025-01-09 00:00:00,2025-03-12 00:00:00,None,,Other,,2132682,M260,1,Camera Functioning,Knee height,,Parallel,,,,0,Long Term Monitoring,Grid of long term monitoring cameras across the Osa Peninsula,,,,,
2003884,OCCT10_C190_05082023,OCCT10,-83.34736,8.4086,2023-08-05 00:00:00,2023-11-17 00:00:00,None,,Other,,2019104,C190,1,Unknown Failure,Knee height,,Parallel,,,,,Long Term Monitoring,Grid of long term monitoring cameras across the Osa Peninsula,,,,,
2003884,OCCT16_M060_31052024,OCCT16,-83.36115,8.4556,2024-05-31 00:00:00,2024-09-30 00:00:00,None,,Other,,2080580,M060,1,Camera Functioning,Knee height,,Parallel,,,,0,Long Term Monitoring,Grid of long term monitoring cameras across the Osa Peninsula,,,,,
2003884,OCCT17_OC-22_08062024,OCCT17,-83.3742,8.45589,2024-06-08 00:00:00,2024-06-29 00:00:00,None,,Other,,2104508,OC-22,1,Film Failure,Knee height,,Parallel,,,,1,Long Term Monitoring,Grid of long term monitoring cameras across the Osa Peninsula,,,,,
2003884,OCCT18_OC-2055_08062024,OCCT18,-83.36529,8.46915,2024-06-08 00:00:00,2024-10-04 00:00:00,None,,Other,,2114364,OC-2055,1,Camera Functioning,Knee height,,Parallel,,,,0,Long Term Monitoring,Grid of long term monitoring cameras across the Osa Peninsula,,,,,
2003884,OCCT07_C165_28082023,OCCT07,-83.28998,8.76422,2023-08-28 00:00:00,2023-12-04 00:00:00,None,,Other,,2019273,C165,1,Unknown Failure,Knee height,,Parallel,,,,0,Long Term Monitoring,Grid of long term monitoring cameras across the Osa Peninsula,,,,,
2003884,Rf4_M222_2024-12-01,Rf4,-83.03828,8.84655,2024-12-01 00:00:00,2025-04-25 00:00:00,None,,Other,,2125299,M222,2,Camera Functioning,Knee height,,Parallel,,,,,R2R farm monitoring,Restored farm monitoring from ridge to reef,,,,,
2003884,Rf7_M143_2024-12-02,Rf7,-82.96861,8.91516,2024-12-02 00:00:00,2025-04-27 00:00:00,None,,Other,,2140648,M143,1,Camera Functioning,Knee height,,Parallel,,,,,R2R farm monitoring,Restored farm monitoring from ridge to reef,,,,,
2003884,Rf10_M226_2024-12-01,Rf10,-83.04256,8.91652,2024-12-01 00:00:00,2025-04-27 00:00:00,None,,Other,,2125305,M226,1,Unknown Failure,Knee height,,Parallel,,,,,R2R farm monitoring,Restored farm monitoring from ridge to reef,,,,,
2003884,OCCT11_M070_20250616,OCCT11,-83.34373,8.42222,2025-06-16 00:00:00,2025-08-21 00:00:00,None,,Road dirt,off trail,2094002,M070,1,Camera Functioning,Other,50,Parallel,,,,,Long Term Monitoring,Grid of long term monitoring cameras across the Osa Peninsula,,,,,
2003884,OCCT14_M233_20250707,OCCT14,-83.31898,8.41895,2025-07-07 00:00:00,2025-09-26 00:00:00,None,,Road dirt,off trail,2140950,M233,1,Unknown Failure,Other,,Parallel,,,,,Long Term Monitoring,Grid of long term monitoring cameras across the Osa Peninsula,,,,,
2003884,OCCT10_M211_20250617,OCCT10,-83.34736,8.4086,2025-06-17 00:00:00,2025-08-25 00:00:00,None,,Road dirt,off trail,2125280,M211,1,Camera Functioning,Other,48,Parallel,,,,,Long Term Monitoring,Grid of long term monitoring cameras across the Osa Peninsula,,,,,
2003884,Rf16_M202_2024-12-03,Rf16,-82.90163,8.93881,2024-12-03 00:00:00,2025-04-26 00:00:00,None,,Other,,2124140,M202,1,Camera Functioning,Knee height,,Parallel,,,,,R2R farm monitoring,Restored farm monitoring from ridge to reef,,,,,
2003884,OCCT09_M370_20250617,OCCT09,-83.3405,8.41069,2025-06-17 00:00:00,2025-08-25 00:00:00,None,,Road dirt,off trail,2138080,M370,1,Unknown Failure,Other,45,Parallel,,,,,Long Term Monitoring,Grid of long term monitoring cameras across the Osa Peninsula,,,,,
2003884,Rf8_M130_4122022,Rf8,-82.97661,8.91983,2022-12-04 00:00:00,2023-02-24 00:00:00,None,,Other,,2081074,M130,0,Unknown Failure,Knee height,,Parallel,,,,,R2R farm monitoring,Restored farm monitoring from ridge to reef,,,,,
2003884,Rf25_M069_2122022,Rf25,-82.996182,8.785692,2022-12-02 00:00:00,2023-03-24 00:00:00,None,,Other,,2081084,M069,1,Camera Functioning,Knee height,,Parallel,,,,,R2R farm monitoring,Restored farm monitoring from ridge to reef,,,,,
2003884,Rf20_M073_5122022,Rf20,-83.1381982,9.0830314,2022-12-05 00:00:00,2023-03-15 00:00:00,None,,Other,,2081082,M073,0,Unknown Failure,Knee height,,Parallel,,,,,R2R farm monitoring,Restored farm monitoring from ridge to reef,,,,,
2003884,Rf16_OC-20-80_3122022,Rf16,-82.90163,8.93881,2022-12-03 00:00:00,2022-12-24 00:00:00,None,,Other,,2081081,OC-20-80,1,Unknown Failure,Knee height,,Parallel,,,,,R2R farm monitoring,Restored farm monitoring from ridge to reef,,,,,
2003884,Rf15_M040_3122022,Rf15,-82.90043,8.93688,2022-12-03 00:00:00,2022-12-17 00:00:00,None,,Other,,2081080,M040,0,Unknown Failure,Knee height,,Parallel,,,,,R2R farm monitoring,Restored farm monitoring from ridge to reef,,,,,
2003884,Rf13_M135_3122022,Rf13,-82.8845,8.92073,2022-12-03 00:00:00,2023-01-21 00:00:00,None,,Other,,2081079,M135,1,Unknown Failure,Knee height,,Parallel,,,,,R2R farm monitoring,Restored farm monitoring from ridge to reef,,,,,
2003884,Rf12_M125_2122022,Rf12,-82.86364,8.86353,2022-12-02 00:00:00,2023-01-29 00:00:00,None,,Other,,2081078,M125,1,Camera Functioning,Knee height,,Parallel,,,,,R2R farm monitoring,Restored farm monitoring from ridge to reef,,,,,
2003884,Rf11_OC - 20 - 43_3122022,Rf11,-82.89423,8.84339,2022-12-03 00:00:00,2023-01-20 00:00:00,None,,Other,,2081077,OC - 20 - 43,1,Camera Functioning,Knee height,,Parallel,,,,,R2R farm monitoring,Restored farm monitoring from ridge to reef,,,,,
2003884,RF1_M049_02122022,R2R,-82.9575,8.79571,2022-12-02 00:00:00,2023-01-29 00:00:00,None,,Other,,2081060,M049,1,Camera Functioning,Knee height,,Parallel,,,,,R2R farm monitoring,Restored farm monitoring from ridge to reef,,,,,
2003884,OCCT63_M148_24052023,OCCT63,-83.011907,8.764812,2023-05-24 00:00:00,2023-07-23 00:00:00,None,,Other,,2094004,M148,1,Unknown Failure,Knee height,,Parallel,,,,,Fila Costeña,,,,,,
2003884,OCCT62_M149_24052023,OCCT62,-83.015366,8.765894,2023-05-24 00:00:00,2023-08-16 00:00:00,None,,Other,,2094003,M149,0,Unknown Failure,Knee height,,Parallel,,,,,Fila Costeña,,,,,,
2003884,OCCT61_M125_01052023,OCCT61,-83.02125,8.78442,2023-05-01 00:00:00,2023-06-23 00:00:00,None,,Other,,2081078,M125,1,Unknown Failure,Knee height,,Parallel,,,,,Fila Costeña,,,,,,
2003884,OCCT60_M070_30042023,OCCT60,-83.05733,8.77671,2023-04-30 00:00:00,2023-06-23 00:00:00,None,,Other,,2094002,M070,1,Unknown Failure,Knee height,,Parallel,,,,,Fila Costeña,,,,,,
2003884,OCCT58_M055_30042023,OCCT58,-83.03777,8.77065,2023-04-30 00:00:00,2023-07-25 00:00:00,None,,Other,,2081072,M055,1,Unknown Failure,Knee height,,Parallel,,,,,Fila Costeña,,,,,,
2003884,OCCT57_M073_01052023,OCCT57,-83.03603,8.76074,2023-05-01 00:00:00,2023-05-13 00:00:00,None,,Other,,2081082,M073,1,Unknown Failure,Knee height,,Parallel,,,,,Fila Costeña,,,,,,
2003884,OCCT56_M135_29042023,OCCT56,-83.05843,8.75144,2023-04-29 00:00:00,2023-07-07 00:00:00,None,,Other,,2081079,M135,1,Unknown Failure,Knee height,,Parallel,,,,,Fila Costeña,,,,,,
2003884,OCCT53_M117_03052023,OCCT53,-83.00408,8.79148,2023-05-03 00:00:00,2023-09-28 00:00:00,None,,Other,,2093939,M117,1,Unknown Failure,Knee height,,Parallel,,,,,Fila Costeña,,,,,,
2003884,OCCT52_M052_28042023,OCCT52,-82.99701,8.79303,2023-04-28 00:00:00,2023-07-15 00:00:00,None,,Other,,2093935,M052,1,Unknown Failure,Knee height,,Parallel,,,,,Fila Costeña,,,,,,
2003884,OCCT47_M094_352023,OCCT47,-83.02894,8.78887,2023-05-03 00:00:00,2023-07-26 00:00:00,None,,Other,,2093663,M094,1,Unknown Failure,Knee height,,Parallel,,,,,Fila Costeña,,,,,,
2003884,OCCT41_M045_252023,OCCT41,-82.99658,8.75156,2023-05-02 00:00:00,2023-07-04 00:00:00,None,,Other,,2081076,M045,1,Unknown Failure,Knee height,,Parallel,,,,,Fila Costeña,,,,,,
2003884,OCCT40_M111_252023,OCCT40,-82.98994,8.74017,2023-05-02 00:00:00,2023-07-13 00:00:00,None,,Other,,2093644,M111,1,Unknown Failure,Knee height,,Parallel,,,,,Fila Costeña,,,,,,
2003884,OCCT31_M064_26042023,OCCT31,-83.1722,8.66869,2023-04-26 00:00:00,2023-06-11 00:00:00,None,,Other,,2081073,M064,1,Unknown Failure,Knee height,,Parallel,,,,,Long Term Monitoring,Grid of long term monitoring cameras across the Osa Peninsula,,,,,
2003884,OCCT29_M138_02112022,OCCT29,-83.17074878,8.67620952,2022-11-02 00:00:00,2023-01-06 00:00:00,None,,Other,,2077343,M138,1,Camera Functioning,Knee height,,Parallel,,,,,Long Term Monitoring,Grid of long term monitoring cameras across the Osa Peninsula,,,,,
2003884,OCCT28_M105_03102022,OCCT28,-83.40675,8.51834,2022-10-03 00:00:00,2022-10-17 00:00:00,None,,Trail game,,2019213,C105,1,Unknown Failure,Knee height,,Parallel,,,,,Long Term Monitoring,Grid of long term monitoring cameras across the Osa Peninsula,,,,,
2003884,OCCT27_M087_03102022,OCCT27,-83.33573,8.73433,2022-10-03 00:00:00,2022-11-22 00:00:00,None,,Other,,2054735,M087,1,Unknown Failure,Knee height,,Parallel,,,,,Long Term Monitoring,Grid of long term monitoring cameras across the Osa Peninsula,,,,,
2003884,OCCT27_M087_02022023,OCCT27,-83.33573,8.73433,2023-02-02 00:00:00,2023-03-20 00:00:00,None,,Other,,2054735,M087,0,Unknown Failure,Knee height,,Parallel,,,,,Long Term Monitoring,Grid of long term monitoring cameras across the Osa Peninsula,,,,,
2003884,OCCT18_M050_3082022,OCCT18,-83.36529,8.46915,2022-08-30 00:00:00,2022-10-31 00:00:00,None,,Other,,2069878,M050,1,Unknown Failure,Knee height,,Parallel,,,,,Long Term Monitoring,Grid of long term monitoring cameras across the Osa Peninsula,,,,,
2003884,OCCT15_M123_27042023,OCCT15,-83.35772,8.44355,2023-04-27 00:00:00,2023-06-26 00:00:00,None,,Other,,2069892,M123,1,Unknown Failure,Knee height,,Parallel,,,,,Long Term Monitoring,Grid of long term monitoring cameras across the Osa Peninsula,,,,,
2003884,OCCT08_M314_20260119,OCCT08,-83.32686,8.40875,2026-01-19 00:00:00,2026-02-25 00:00:00,None,,Other,off trail,2138782,M314,1,Camera Functioning,Other,39,Parallel,,,,,Long Term Monitoring,Grid of long term monitoring cameras across the Osa Peninsula,,,,,
2003884,OCCT66_M271_20260119,OCCT66,-83.317967,8.404714,2026-01-19 00:00:00,2026-02-25 00:00:00,None,,Other,off trail,2174933,M271,1,Camera Functioning,Other,40,Parallel,,,,,Long Term Monitoring,Grid of long term monitoring cameras across the Osa Peninsula,,,,,
2003884,Rf20_M201_2024-12-05,Rf20,-83.1381982,9.0830314,2024-12-05 00:00:00,2025-04-28 00:00:00,None,,Other,,2125260,M201,1,Camera Functioning,Knee height,,Parallel,,,,,R2R farm monitoring,Restored farm monitoring from ridge to reef,,,,,
2003884,Rf13_M227_2024-12-03,Rf13,-82.8845,8.92073,2024-12-03 00:00:00,2025-04-26 00:00:00,None,,Other,,2125306,M227,1,Camera Functioning,Knee height,,Parallel,,,,,R2R farm monitoring,Restored farm monitoring from ridge to reef,,,,,
2003884,OCCT07_OC-E1_572024,OCCT07,-83.28998,8.76422,2024-07-05 00:00:00,2024-09-04 00:00:00,None,,Other,,2113624,OC-E1,1,Unknown Failure,Knee height,,Parallel,,,,0,Long Term Monitoring,Grid of long term monitoring cameras across the Osa Peninsula,,,,,
2003884,OCCT33_M074_10102022,OCCT33,-83.343922,8.428401,2022-10-10 00:00:00,2023-01-12 00:00:00,None,,Other,,2073051,M074,1,Camera Functioning,Knee height,,Parallel,,,,,Long Term Monitoring,Grid of long term monitoring cameras across the Osa Peninsula,,,,,
2003884,OCCT14_M102_03112022,OCCT14,-83.31898,8.41895,2022-11-03 00:00:00,2023-01-20 00:00:00,None,,None,,2019210,C102,1,Camera Functioning,Knee height,,Parallel,,,,,Long Term Monitoring,Grid of long term monitoring cameras across the Osa Peninsula,,,,,
2003884,OCCT10_M109_1112022,OCCT10,-83.34736,8.4086,2022-11-01 00:00:00,2023-02-01 00:00:00,None,,Trail game,,2019217,C109,1,Camera Functioning,Knee height,,Parallel,,,,,Long Term Monitoring,Grid of long term monitoring cameras across the Osa Peninsula,,,,,
2003884,OCCT09_M046_1112022a,OCCT09,-83.3405,8.41069,2022-11-01 00:00:00,2023-01-19 00:00:00,None,,Other,,2068193,M046,1,Unknown Failure,Knee height,,Parallel,,,,,Long Term Monitoring,Grid of long term monitoring cameras across the Osa Peninsula,,,,,
2003884,OCCT13_M131_03112022(remove),OCCT13,-83.323034,8.410447,2022-11-03 00:00:00,2023-01-20 00:00:00,None,,Other,,2019239,C131,1,Camera Functioning,Knee height,,Parallel,,,,,Long Term Monitoring,Grid of long term monitoring cameras across the Osa Peninsula,,,,,
2003884,OCCT17_M048_24112022,OCCT17,-83.3742,8.45589,2022-11-24 00:00:00,2023-02-09 00:00:00,None,,Other,,2068199,M048,1,Camera Functioning,Knee height,,Parallel,,,,,Long Term Monitoring,Grid of long term monitoring cameras across the Osa Peninsula,,,,,
2003884,OCCT18_M050_24112022,OCCT18,-83.36529,8.46915,2022-11-24 00:00:00,2022-11-25 00:00:00,None,,Other,,2069878,M050,1,Unknown Failure,Knee height,,Parallel,,,,,Long Term Monitoring,Grid of long term monitoring cameras across the Osa Peninsula,,,,,
2003884,OCCT26_M100_03102022,OCCT26,-83.334733,8.730267,2022-10-03 00:00:00,2023-02-02 00:00:00,None,,Other,,2054734,M100,1,Unknown Failure,Knee height,,Parallel,,,,,Long Term Monitoring,Grid of long term monitoring cameras across the Osa Peninsula,,,,,
2003884,OCCT32_M139_02112022,OCCT32,-83.170434,8.64031,2022-11-02 00:00:00,2022-12-22 00:00:00,None,,Other,,2077349,M139,0,Camera Functioning,Knee height,,Parallel,,,,,Long Term Monitoring,Grid of long term monitoring cameras across the Osa Peninsula,,,,,
2003884,OCCT30_M239_2025-05-21,OCCT30,-83.29472,8.7703,2025-05-21 00:00:00,2025-07-30 00:00:00,None,,Other,,2140952,M239,1,Camera Functioning,Knee height,,Parallel,,,,0,Long Term Monitoring,Grid of long term monitoring cameras across the Osa Peninsula,,,,,
2003884,OCCT100_M348_20260128,OCCT100,-83.00177,8.79523,2026-01-28 00:00:00,2026-04-14 00:00:00,None,,Other,off trail,2178465,M348,1,Camera Functioning,Other,43,Parallel,,,,,Fila Costeña,,,,,,
2003884,Rf25_M219_2024-12-02,Rf25,-82.996182,8.785692,2024-12-02 00:00:00,2025-04-25 00:00:00,None,,Other,,2125293,M219,1,Camera Functioning,Knee height,,Parallel,,,,,R2R farm monitoring,Restored farm monitoring from ridge to reef,,,,,
2003884,OCCT97_M355_20260127,OCCT97,-83.03308,8.79365,2026-01-27 00:00:00,2026-04-14 00:00:00,None,,Other,off trail,2178471,M355,1,Camera Functioning,Other,38,Parallel,,,,,Fila Costeña,,,,,,
2003884,Rf29b_M207_2024-12-04,Rf29b,-82.93567,8.72102,2024-12-04 00:00:00,2025-04-24 00:00:00,None,,Other,,2125272,M207,1,Unknown Failure,Knee height,,Parallel,,,,,R2R farm monitoring,Restored farm monitoring from ridge to reef,,,,,
2003884,OCCT10_C186_24052024,OCCT10,-83.34736,8.4086,2024-05-24 00:00:00,2024-08-19 00:00:00,None,,Other,,2019110,C186,1,Unknown Failure,Knee height,,Parallel,,,,0,Long Term Monitoring,Grid of long term monitoring cameras across the Osa Peninsula,,,,,
2003884,Rf2_M208_2024-12-04,Rf2,-82.95135,8.76284,2024-12-04 00:00:00,2025-04-24 00:00:00,None,,Other,,2125275,M208,1,Camera Functioning,Knee height,,Parallel,,,,,R2R farm monitoring,Restored farm monitoring from ridge to reef,,,,,
2003884,OCCT07_M278_2025-05-21,OCCT07,-83.28998,8.76422,2025-05-21 00:00:00,2025-07-30 00:00:00,None,,Other,,2132125,M278,1,Camera Functioning,Knee height,,Parallel,,,,0,Long Term Monitoring,Grid of long term monitoring cameras across the Osa Peninsula,,,,,
2003884,Rf31_M252_2024-12-07,Rf31,-83.2829,8.410734,2024-12-07 00:00:00,2025-05-08 00:00:00,None,,Other,,2140814,M252,1,Camera Functioning,Knee height,,Parallel,,,,,R2R farm monitoring,Restored farm monitoring from ridge to reef,,,,,
2003884,OCCT10_M109_05052023,OCCT10,-83.34736,8.4086,2023-05-05 00:00:00,2023-08-05 00:00:00,None,,Other,,2069881,M109,1,Unknown Failure,Knee height,,Parallel,,,,,Long Term Monitoring,Grid of long term monitoring cameras across the Osa Peninsula,,,,,
2003884,OCCT11_OC-22-11_27042023,OCCT11,-83.34373,8.42222,2023-04-27 00:00:00,2023-08-21 00:00:00,None,,Other,,2038799,OC-22-11,1,Unknown Failure,Knee height,,Parallel,,,,,Long Term Monitoring,Grid of long term monitoring cameras across the Osa Peninsula,,,,,
2003884,Rf22_M240_2024-12-01,Rf22,-83.20834,8.91815,2024-12-01 00:00:00,2025-04-28 00:00:00,None,,Other,,2120686,M240,1,Unknown Failure,Knee height,,Parallel,,,,,R2R farm monitoring,Restored farm monitoring from ridge to reef,,,,,
2003884,Rf11_M228_2024-12-04,Rf11,-82.89423,8.84339,2024-12-04 00:00:00,2025-04-27 00:00:00,None,,Other,,2126061,M228,3,Camera Functioning,Knee height,,Parallel,,,,,R2R farm monitoring,Restored farm monitoring from ridge to reef,,,,,
2003884,OCCT34_M136_01092023,OCCT34,-83.17559,8.67697,2023-09-01 00:00:00,2023-12-04 00:00:00,None,,Other,,2096155,M136,1,Unknown Failure,Knee height,,Parallel,,,,0,Long Term Monitoring,Grid of long term monitoring cameras across the Osa Peninsula,,,,,
2003884,OCCT29_M138_14022023,OCCT29,-83.17074878,8.67620952,2023-02-14 00:00:00,2023-02-19 00:00:00,None,,Other,,2077343,M138,0,Unknown Failure,Knee height,,Parallel,,,,,Long Term Monitoring,Grid of long term monitoring cameras across the Osa Peninsula,,,,,
2003884,OCCT16_M060_08022023,OCCT16,-83.36115,8.4556,2023-02-08 00:00:00,2023-04-27 00:00:00,None,,Other,,2080580,M060,0,Camera Functioning,Knee height,,Parallel,,,,,Long Term Monitoring,Grid of long term monitoring cameras across the Osa Peninsula,,,,,
2003884,OCCT26_M100_02022023,OCCT26,-83.334733,8.730267,2023-02-02 00:00:00,2023-04-25 00:00:00,None,,Other,,2054734,M100,0,Camera Functioning,Knee height,,Parallel,,,,,Long Term Monitoring,Grid of long term monitoring cameras across the Osa Peninsula,,,,,
2003884,OCCT07_M120_14022023,OCCT07,-83.28998,8.76422,2023-02-14 00:00:00,2023-04-25 00:00:00,None,,Other,,2080578,M120,1,Unknown Failure,Knee height,,Parallel,,,,,Long Term Monitoring,Grid of long term monitoring cameras across the Osa Peninsula,,,,,
2003884,Rf4_M055_2122022,Rf4,-83.03828,8.84655,2022-12-02 00:00:00,2023-01-25 00:00:00,None,,Other,,2081072,M055,0,Unknown Failure,Knee height,,Parallel,,,,,R2R farm monitoring,Restored farm monitoring from ridge to reef,,,,,
2003884,Rf7_M064_4122022,Rf7,-82.96861,8.91516,2022-12-04 00:00:00,2023-04-03 00:00:00,None,,Other,,2081073,M064,1,Unknown Failure,Knee height,,Parallel,,,,,R2R farm monitoring,Restored farm monitoring from ridge to reef,,,,,
2003884,OCCT13_M238_20250315,OCCT13,-83.323034,8.410447,2025-03-15 00:00:00,2025-05-17 00:00:00,None,,Other,off trail,2120730,M238,1,Camera Functioning,Other,42,Parallel,,,,,Long Term Monitoring,Grid of long term monitoring cameras across the Osa Peninsula,,,,,
2003884,Rf32_M217_2024-12-08,Rf32,-83.28382,8.45641,2024-12-08 00:00:00,2025-05-20 00:00:00,None,,Other,,2125291,M217,1,Camera Functioning,Knee height,,Parallel,,,,,R2R farm monitoring,Restored farm monitoring from ridge to reef,,,,,
2003884,Rf10_M045_3122022,Rf10,-83.04256,8.91652,2022-12-03 00:00:00,2023-04-17 00:00:00,None,,Other,,2081076,M045,0,Camera Functioning,Knee height,,Parallel,,,,,R2R farm monitoring,Restored farm monitoring from ridge to reef,,,,,
2003884,OCCT14_M233_20250315,OCCT14,-83.31898,8.41895,2025-03-15 00:00:00,2025-05-17 00:00:00,None,,Other,off trail,2140950,M233,1,Camera Functioning,Other,42,Parallel,,,,,Long Term Monitoring,Grid of long term monitoring cameras across the Osa Peninsula,,,,,
2003884,OCCT15_M221_20250318,OCCT15,-83.35772,8.44355,2025-03-18 00:00:00,2025-05-15 00:00:00,None,,Other,off trail,2125298,M221,1,Camera Functioning,Other,35,Parallel,,,,,Long Term Monitoring,Grid of long term monitoring cameras across the Osa Peninsula,,,,,
2003884,OCCT06_M231_20250313,OCCT06,-83.29323,8.77809,2025-03-13 00:00:00,2025-05-21 00:00:00,None,,Other,off trail,2120717,M231,1,Camera Functioning,Other,44,Parallel,,,,,Long Term Monitoring,Grid of long term monitoring cameras across the Osa Peninsula,,,,,
2003884,OCCT30_M239_20250313,OCCT30,-83.29472,8.7703,2025-03-13 00:00:00,2025-05-21 00:00:00,None,,Other,off trail,2140952,M239,1,Camera Functioning,Other,35,Parallel,,,,,Long Term Monitoring,Grid of long term monitoring cameras across the Osa Peninsula,,,,,
2003884,OCCT07_M278_20250313,OCCT07,-83.28998,8.76422,2025-03-13 00:00:00,2025-05-21 00:00:00,None,,Other,off trail,2132125,M278,1,Camera Functioning,Other,48,Parallel,,,,,Long Term Monitoring,Grid of long term monitoring cameras across the Osa Peninsula,,,,,
2003884,OCCT33_OC-171_16022024,OCCT33,-83.343922,8.428401,2024-02-16 00:00:00,2024-04-04 00:00:00,None,,Other,,2097147,OC-171,1,Unknown Failure,Knee height,,Parallel,,,,,Long Term Monitoring,Grid of long term monitoring cameras across the Osa Peninsula,,,,,
2003884,OCCT12_M075_27012024,OCCT12,-83.33446,8.42229,2024-01-27 00:00:00,2024-04-09 00:00:00,None,,Other,,2102127,M075,1,Unknown Failure,Knee height,,Parallel,,,,0,Long Term Monitoring,Grid of long term monitoring cameras across the Osa Peninsula,,,,,
2003884,OCCT37_M100_30042023,OCCT37,-83.028173,8.74607,2023-04-30 00:00:00,2023-08-11 00:00:00,None,,Other,,2054734,M100,1,Unknown Failure,Knee height,,Parallel,,,,,Fila Costeña,,,,,,
2003884,OCCT42_M047_252023,OCCT42,-82.99593,8.7465,2023-05-02 00:00:00,2023-10-16 00:00:00,None,,Other,,2081083,M047,1,Unknown Failure,Knee height,,Parallel,,,,,Fila Costeña,,,,,,
2003884,OCCT43_M115_252023,OCCT43,-82.98963,8.75636,2023-05-02 00:00:00,2023-05-28 00:00:00,None,,Other,,2093651,M115,1,Unknown Failure,Knee height,,Parallel,,,,,Fila Costeña,,,,,,
2003884,OCCT46_M067_352023,OCCT46,-83.03303,8.78218,2023-05-03 00:00:00,2023-10-18 00:00:00,None,,Other,,2093659,M067,1,Unknown Failure,Knee height,,Parallel,,,,,Fila Costeña,,,,,,
2003884,OCCT48_M158_2352023,OCCT48,-83.03008,8.79555,2023-05-23 00:00:00,2023-07-15 00:00:00,None,,Other,,2093666,M158,1,Unknown Failure,Knee height,,Parallel,,,,,Fila Costeña,,,,,,
2003884,OCCT50_M155_2552023,OCCT50,-83.03748,8.75953,2023-05-25 00:00:00,2023-08-05 00:00:00,None,,Other,,2093667,M155,1,Unknown Failure,Knee height,,Parallel,,,,,Fila Costeña,,,,,,
2003884,OCCT55_M044_29042023,OCCT55,-83.05705,8.75695,2023-04-29 00:00:00,2023-11-23 00:00:00,None,,Other,,2093942,M044,1,Unknown Failure,Knee height,,Parallel,,,,,Fila Costeña,,,,,,
2003884,OCCT59_M058_30042023,OCCT59,-83.04671,8.76898,2023-04-30 00:00:00,2023-05-01 00:00:00,None,,Other,,2080548,M058,1,Unknown Failure,Knee height,,Parallel,,,,,Fila Costeña,,,,,,
2003884,OCCT64_M156_24052023,OCCT64,-83.00217,8.76605,2023-05-24 00:00:00,2023-09-25 00:00:00,None,,Other,,2094007,M156,1,Unknown Failure,Knee height,,Parallel,,,,,Fila Costeña,,,,,,
2003884,OCCT29_M140_07032024,OCCT29,-83.17074878,8.67620952,2024-03-07 00:00:00,2024-07-16 00:00:00,None,,Other,,2108538,M140,1,Unknown Failure,Knee height,,Parallel,,,,,Long Term Monitoring,Grid of long term monitoring cameras across the Osa Peninsula,,,,,
2003884,OCCT67_M200_22122023,OCCT67,-83.34736,8.4086,2023-12-22 00:00:00,2024-03-05 00:00:00,None,,Other,,2098958,M200,1,Camera Functioning,Knee height,,Parallel,,,,0,Long Term Monitoring,Grid of long term monitoring cameras across the Osa Peninsula,,,,,
2003884,OCCT94_M340_20260127,OCCT94,-83.02908,8.79485,2026-01-27 00:00:00,2026-04-14 00:00:00,None,,Other,off trail,2178772,M340,1,Camera Functioning,Other,48,Parallel,,,,,Fila Costeña,,,,,,
2003884,OCCT98_M354_20260127,OCCT98,-83.03198,8.79261,2026-01-27 00:00:00,2026-04-14 00:00:00,None,,Other,off trail,2178778,M354,1,Camera Functioning,Other,32,Parallel,,,,,Fila Costeña,,,,,,
2003884,OCCT99_M365_20260128,OCCT99,-83.00275,8.79669,2026-01-28 00:00:00,2026-04-14 00:00:00,None,,Other,off trail,2178781,M365,1,Camera Functioning,Other,48,Parallel,,,,,Fila Costeña,,,,,,
2003884,OCCT09_C172_04082023,OCCT09,-83.3405,8.41069,2023-08-04 00:00:00,2023-11-14 00:00:00,None,,Other,,2019280,C172,0,Unknown Failure,Knee height,,Parallel,,,,1,Long Term Monitoring,Grid of long term monitoring cameras across the Osa Peninsula,,,,,
2003884,OCCT11_OC-170_21082023,OCCT11,-83.34373,8.42222,2023-08-21 00:00:00,2023-11-18 00:00:00,None,,Other,,2095823,OC-170,1,Unknown Failure,Knee height,,Parallel,,,,0,Long Term Monitoring,Grid of long term monitoring cameras across the Osa Peninsula,,,,,
2003884,OCCT12_M113_31072023,OCCT12,-83.33446,8.42229,2023-07-31 00:00:00,2023-11-01 00:00:00,None,,Other,,2052005,M113,1,Unknown Failure,Knee height,,Parallel,,,,0,Long Term Monitoring,Grid of long term monitoring cameras across the Osa Peninsula,,,,,
2003884,OCCT08_C145_01082023,OCCT08,-83.32686,8.40875,2023-08-01 00:00:00,2023-12-07 00:00:00,None,,Other,,2019253,C145,1,Unknown Failure,Knee height,,Parallel,,,,0,Long Term Monitoring,Grid of long term monitoring cameras across the Osa Peninsula,,,,,
2003884,OCCT06_M036_28082023,OCCT06,-83.29323,8.77809,2023-08-28 00:00:00,2023-12-04 00:00:00,None,,Other,,2087901,M036,1,Unknown Failure,Knee height,,Parallel,,,,0,Long Term Monitoring,Grid of long term monitoring cameras across the Osa Peninsula,,,,,
2003884,OCCT30_M123_28082023,OCCT30,-83.29472,8.7703,2023-08-28 00:00:00,2023-12-04 00:00:00,None,,Other,,2069892,M123,1,Unknown Failure,Knee height,,Parallel,,,,,Long Term Monitoring,Grid of long term monitoring cameras across the Osa Peninsula,,,,,
2003884,OCCT15_M042_16082023,OCCT15,-83.35772,8.44355,2023-08-16 00:00:00,2023-11-13 00:00:00,None,,Other,,2095851,M042,1,Unknown Failure,Knee height,,Parallel,,,,0,Long Term Monitoring,Grid of long term monitoring cameras across the Osa Peninsula,,,,,
2003884,OCCT17_OC22_08092023,OCCT17,-83.3742,8.45589,2023-09-08 00:00:00,2023-12-08 00:00:00,None,,Other,,2095852,OC22,1,Unknown Failure,Knee height,,Parallel,,,,0,Long Term Monitoring,Grid of long term monitoring cameras across the Osa Peninsula,,,,,
2003884,OCCT101_M341_20260128,OCCT101,-83.00278,8.79362,2026-01-28 00:00:00,2026-04-14 00:00:00,None,,Other,off trail,2178786,M341,1,Camera Functioning,Other,36,Parallel,,,,,Fila Costeña,,,,,,
2003884,OCCT13_M238_2025-05-17,OCCT13,-83.323034,8.410447,2025-05-17 00:00:00,2025-07-07 00:00:00,None,,Other,off trail,2120730,M238,1,Camera Functioning,Other,42,Parallel,,,,,Long Term Monitoring,Grid of long term monitoring cameras across the Osa Peninsula,,,,,
2003884,OCCT14_M233_2025-05-17,OCCT14,-83.31898,8.41895,2025-05-17 00:00:00,2025-07-07 00:00:00,None,,Other,off trail,2140950,M233,1,Camera Functioning,Other,42,Parallel,,,,,Long Term Monitoring,Grid of long term monitoring cameras across the Osa Peninsula,,,,,
2003884,OCCT103_M343_20260128,OCCT103,-83.00129,8.7934,2026-01-28 00:00:00,2026-04-14 00:00:00,None,,Other,off trail,2141275,M343,1,Camera Functioning,Other,40,Parallel,,,,,Fila Costeña,,,,,,
2003884,OCCT104_M344_20260129,OCCT104,-83.12281,8.7752,2026-01-29 00:00:00,2026-04-13 00:00:00,None,,Other,off trail,2178798,M344,1,Camera Functioning,Other,32,Parallel,,,,,Fila Costeña,,,,,,
2003884,OCCT18_M091_08092023,OCCT18,-83.36529,8.46915,2023-09-08 00:00:00,2023-12-08 00:00:00,None,,Other,,2080581,M091,1,Unknown Failure,Knee height,,Parallel,,,,0,Long Term Monitoring,Grid of long term monitoring cameras across the Osa Peninsula,,,,,
2003884,OCCT105_M345_20260129,OCCT105,-83.12318,8.77359,2026-01-29 00:00:00,2026-04-13 00:00:00,None,,Other,off trail,2178822,M345,1,Camera Functioning,Other,25,Parallel,,,,,Fila Costeña,,,,,,
2003884,OCCT96_M346_20260127,OCCT96,-83.03225,8.79569,2026-01-27 00:00:00,2026-04-14 00:00:00,None,,Other,off trail,2178844,M346,1,Camera Functioning,Other,38,Parallel,,,,,Fila Costeña,,,,,,
2003884,OCCT15_M042_13112023,OCCT15,-83.35772,8.44355,2023-11-13 00:00:00,2023-11-30 00:00:00,None,,Other,,2095851,M042,1,Unknown Failure,Knee height,,Parallel,,,,,Long Term Monitoring,Grid of long term monitoring cameras across the Osa Peninsula,,,,,
2003884,OCCT12_M113_1112023,OCCT12,-83.33446,8.42229,2023-11-01 00:00:00,2024-01-27 00:00:00,None,,Other,,2052005,M113,1,Unknown Failure,Knee height,,Parallel,,,,0,Long Term Monitoring,Grid of long term monitoring cameras across the Osa Peninsula,,,,,
2003884,OCCT33_OC-171_18112023,OCCT33,-83.343922,8.428401,2023-11-18 00:00:00,2024-02-16 00:00:00,None,,Other,,2097147,OC-171,1,Unknown Failure,Knee height,,Parallel,,,,0,Long Term Monitoring,Grid of long term monitoring cameras across the Osa Peninsula,,,,,
2003884,OCCT17_M276_2025-03-01,OCCT17,-83.3742,8.45589,2025-03-01 00:00:00,2025-05-02 00:00:00,None,,Other,,2136296,M276,1,Camera Functioning,Knee height,,Parallel,,,,0,Long Term Monitoring,Grid of long term monitoring cameras across the Osa Peninsula,,,,,
2003884,Rf15_M221_2024-12-03,Rf15,-82.90043,8.93688,2024-12-03 00:00:00,2025-04-26 00:00:00,None,,Other,,2125298,M221,1,Camera Functioning,Knee height,,Parallel,,,,,R2R farm monitoring,Restored farm monitoring from ridge to reef,,,,,
2003884,OCCT18_M247_2025-03-01,OCCT18,-83.36529,8.46915,2025-03-01 00:00:00,2025-05-02 00:00:00,None,,Other,,2132659,M247,1,Camera Functioning,Knee height,,Parallel,,,,0,Long Term Monitoring,Grid of long term monitoring cameras across the Osa Peninsula,,,,,
2003884,OCCT17_OC-22_08122023,OCCT17,-83.3742,8.45589,2023-12-08 00:00:00,2024-03-01 00:00:00,None,,Other,,2095852,OC22,1,Camera Functioning,Knee height,,Parallel,,,,0,Long Term Monitoring,Grid of long term monitoring cameras across the Osa Peninsula,,,,,
2003884,OCCT10_C186_17112023,OCCT10,-83.34736,8.4086,2023-11-17 00:00:00,2024-05-24 00:00:00,None,,Other,,2019110,C186,1,Unknown Failure,Knee height,,Parallel,,,,0,Long Term Monitoring,Grid of long term monitoring cameras across the Osa Peninsula,,,,,
2003884,OCCT66_M108_14022024,OCCT66,-83.317967,8.404714,2024-02-14 00:00:00,2024-04-10 00:00:00,None,,Other,,2097148,M108,1,Unknown Failure,Knee height,,Parallel,,,,,Long Term Monitoring,Grid of long term monitoring cameras across the Osa Peninsula,,,,,
2003884,OCCT09_M104_24052024,OCCT09,-83.3405,8.41069,2024-05-24 00:00:00,2024-08-19 00:00:00,None,,Other,,2113212,M104,1,Unknown Failure,Knee height,,Parallel,,,,0,Long Term Monitoring,Grid of long term monitoring cameras across the Osa Peninsula,,,,,
2003884,OCCT69_M201_2852024,OCCT69,-83.18607,8.77545,2024-05-28 00:00:00,2024-08-20 00:00:00,None,,Other,,2125260,M201,1,Unknown Failure,Knee height,,Parallel,,,,,Fila Costeña,,,,,,
2003884,OCCT71 05/28/2024,OCCT71,-83.17554,8.76581,2024-05-28 00:00:00,2024-11-08 00:00:00,None,,Other,,2125263,M203,1,Unknown Failure,Knee height,,Parallel,,,,0,Fila Costeña,,,,,,
2003884,OCCT72_M205_2952024,OCCT72,-83.17323,8.78393,2024-05-29 00:00:00,2024-11-08 00:00:00,None,,Other,,2125266,M205,1,Unknown Failure,Knee height,,Parallel,,,,0,Fila Costeña,,,,,,
2003884,OCCT73_M206_2952024,OCCT73,-83.18751,8.7827,2024-05-29 00:00:00,2024-11-08 00:00:00,None,,Other,,2125269,M206,1,Unknown Failure,Knee height,,Parallel,,,,0,Fila Costeña,,,,,,
2003884,OCCT74_M207_2952024,OCCT74,-83.19307,8.77948,2024-05-29 00:00:00,2024-11-08 00:00:00,None,,Other,,2125272,M207,1,Unknown Failure,Knee height,,Parallel,,,,0,Fila Costeña,,,,,,
2003884,OCCT75_M208_2952024,OCCT75,-83.19025,8.78576,2024-05-29 00:00:00,2024-07-04 00:00:00,None,,Other,,2125275,M208,1,Unknown Failure,Knee height,,Parallel,,,,,Fila Costeña,,,,,,
2003884,OCCT76_M209_3052024,OCCT76,-83.26519,8.86378,2024-05-30 00:00:00,2024-06-21 00:00:00,None,,Other,,2125277,M209,1,Unknown Failure,Knee height,,Parallel,,,,,Fila Costeña,,,,,,
2003884,OCCT77_M210_3052024,OCCT77,-83.27808,8.85016,2024-05-30 00:00:00,2024-11-05 00:00:00,None,,Other,,2125278,M210,1,Camera Functioning,Knee height,,Parallel,,,,,Fila Costeña,,,,,,
2003884,OCCT78_M211_3152024,OCCT78,-83.2271,8.81798,2024-05-31 00:00:00,2024-11-07 00:00:00,None,,Other,,2125280,M211,1,Camera Functioning,Knee height,,Parallel,,,,0,Fila Costeña,,,,,,
2003884,OCCT80_M213_3052024,OCCT80,-83.27536,8.85411,2024-05-30 00:00:00,2024-07-09 00:00:00,None,,Other,,2125283,M213,1,Unknown Failure,Knee height,,Parallel,,,,,Fila Costeña,,,,,,
2003884,OCCT81_M214_3052024,OCCT81,-83.26464,8.85998,2024-05-30 00:00:00,2024-09-18 00:00:00,None,,Other,,2125285,M214,1,Unknown Failure,Knee height,,Parallel,,,,,Fila Costeña,,,,,,
2003884,OCCT82_M217_262024,OCCT82,-83.15549,8.78267,2024-06-02 00:00:00,2024-11-11 00:00:00,None,,Other,,2125291,M217,1,Camera Functioning,Knee height,,Parallel,,,,0,Fila Costeña,,,,,,
2003884,OCCT83_M218_162024,OCCT83,-83.27254,8.83248,2024-06-01 00:00:00,2024-11-06 00:00:00,None,,Other,,2125292,M218,1,Unknown Failure,Knee height,,Parallel,,,,0,Fila Costeña,,,,,,
2003884,OCCT84_M219_3152024,OCCT84,-83.22418,8.82212,2024-05-31 00:00:00,2024-06-20 00:00:00,None,,Other,,2125293,M219,1,Unknown Failure,Knee height,,Parallel,,,,,Fila Costeña,,,,,,
2003884,OCCT85_M220_162024,OCCT85,-83.2504,8.81799,2024-06-01 00:00:00,2024-08-11 00:00:00,None,,Other,,2125296,M220,1,Unknown Failure,Knee height,,Parallel,,,,,Fila Costeña,,,,,,
2003884,OCCT86_M221_162024,OCCT86,-83.25446,8.82075,2024-06-01 00:00:00,2024-11-06 00:00:00,None,,Other,,2125298,M221,1,Unknown Failure,Knee height,,Parallel,,,,0,Fila Costeña,,,,,,
2003884,OCCT87_M222_362024,OCCT87,-83.26246,8.81391,2024-06-03 00:00:00,2024-08-09 00:00:00,None,,Other,,2125299,M222,1,Unknown Failure,Knee height,,Parallel,,,,,Fila Costeña,,,,,,
2003884,OCCT88_M223_362024,OCCT88,-83.2438,8.80857,2024-06-03 00:00:00,2024-08-01 00:00:00,None,,Other,,2125301,M223,1,Unknown Failure,Knee height,,Parallel,,,,,Fila Costeña,,,,,,
2003884,OCCT89_M224_262024,OCCT89,-83.16138,8.7807,2024-06-02 00:00:00,2024-10-22 00:00:00,None,,Other,,2125302,M224,1,Camera Functioning,Knee height,,Parallel,,,,,Fila Costeña,,,,,,
2003884,OCCT90_M225_562024,OCCT90,-83.21648,8.78709,2024-06-05 00:00:00,2024-11-05 00:00:00,None,,Other,,2125303,M225,1,Camera Functioning,Knee height,,Parallel,,,,0,Fila Costeña,,,,,,
2003884,OCCT91_M226_462024,OCCT91,-83.16661,8.77095,2024-06-04 00:00:00,2024-11-09 00:00:00,None,,Other,,2125305,M226,1,Unknown Failure,Knee height,,Parallel,,,,0,Fila Costeña,,,,,,
2003884,OCCT92_M227_462024,OCCT92,-83.17039,8.75945,2024-06-04 00:00:00,2024-11-09 00:00:00,None,,Other,,2125306,M227,1,Unknown Failure,Knee height,,Parallel,,,,0,Fila Costeña,,,,,,
2003884,OCCT08_M094_27022024,OCCT08,-83.32686,8.40875,2024-02-27 00:00:00,2024-06-20 00:00:00,None,,Other,,2093663,M094,1,Unknown Failure,Knee height,,Parallel,,,,0,Long Term Monitoring,Grid of long term monitoring cameras across the Osa Peninsula,,,,,
2003884,OCCT10_M211_2025-04-14,OCCT10,-83.34736,8.4086,2025-04-14 00:00:00,2025-06-17 00:00:00,None,,Other,,2125280,M211,1,Camera Functioning,Knee height,,Parallel,,,,0,Long Term Monitoring,Grid of long term monitoring cameras across the Osa Peninsula,,,,,
2003884,OCCT11_M070_2025-04-08,OCCT11,-83.34373,8.42222,2025-04-08 00:00:00,2025-06-16 00:00:00,None,,Other,,2094002,M070,1,Camera Functioning,Knee height,,Parallel,,,,0,Long Term Monitoring,Grid of long term monitoring cameras across the Osa Peninsula,,,,,
2003884,OCCT09_M370_2025-04-14,OCCT09,-83.3405,8.41069,2025-04-14 00:00:00,2025-06-17 00:00:00,None,,Other,,2138080,M370,1,Camera Functioning,Knee height,,Parallel,,,,0,Long Term Monitoring,Grid of long term monitoring cameras across the Osa Peninsula,,,,,
2003884,OCCT12_M225_2025-04-07,OCCT12,-83.33446,8.42229,2025-04-07 00:00:00,2025-06-04 00:00:00,None,,Other,,2125303,M225,1,Camera Functioning,Knee height,,Parallel,,,,0,Long Term Monitoring,Grid of long term monitoring cameras across the Osa Peninsula,,,,,
2003884,OCCT29_M262_20250312,OCCT29,-83.17074878,8.67620952,2025-03-12 00:00:00,2025-06-06 00:00:00,None,,Other,off trail,2132665,M262,1,Camera Functioning,Other,76,Parallel,,,,,Long Term Monitoring,Grid of long term monitoring cameras across the Osa Peninsula,,,,,
2003884,OCCT34_M260_20250312,OCCT34,-83.17559,8.67697,2025-03-12 00:00:00,2025-06-06 00:00:00,None,,Other,off trail,2132682,M260,1,Camera Functioning,Other,51,Parallel,,,,,Long Term Monitoring,Grid of long term monitoring cameras across the Osa Peninsula,,,,,
2003884,OCCT32_M209_20250312,OCCT32,-83.170434,8.64031,2025-03-12 00:00:00,2025-06-06 00:00:00,None,,Other,off trail,2125277,M209,1,Unknown Failure,Other,46,Parallel,,,,,Long Term Monitoring,Grid of long term monitoring cameras across the Osa Peninsula,,,,,
2003884,OCCT31_M261_20250312,OCCT31,-83.1722,8.66869,2025-03-12 00:00:00,2025-06-06 00:00:00,None,,Other,off trail,2132685,M261,1,Camera Functioning,Other,36,Parallel,,,,,Long Term Monitoring,Grid of long term monitoring cameras across the Osa Peninsula,,,,,
2003884,OCCT10_M025_28062022,OCCT10,-83.34736,8.4086,2022-06-28 00:00:00,2022-08-07 00:00:00,None,,Other,,2047660,M025,30,Unknown Failure,Knee height,,Parallel,,,,,Long Term Monitoring,Grid of long term monitoring cameras across the Osa Peninsula,,,,,
2003884,OCCT26_M257_20250313,OCCT26,-83.334733,8.730267,2025-03-13 00:00:00,2025-06-05 00:00:00,None,,Other,off trail,2136354,M257,1,Camera Functioning,Other,43,Parallel,,,,,Long Term Monitoring,Grid of long term monitoring cameras across the Osa Peninsula,,,,,
2003884,OCCT27_M234_20250313,OCCT27,-83.33573,8.73433,2025-03-13 00:00:00,2025-06-05 00:00:00,None,,Other,off trail,2120736,M234,1,Camera Functioning,Other,48,Parallel,,,,,Long Term Monitoring,Grid of long term monitoring cameras across the Osa Peninsula,,,,,
2003884,OCCT28_M256_20250314,OCCT28,-83.40675,8.51834,2025-03-14 00:00:00,2025-06-05 00:00:00,None,,Other,off trail,2132700,M256,1,Camera Functioning,Other,57,Parallel,,,,,Long Term Monitoring,Grid of long term monitoring cameras across the Osa Peninsula,,,,,
2003884,OCCT33_M243_2025-04-08,OCCT33,-83.343922,8.428401,2025-04-08 00:00:00,2025-06-16 00:00:00,None,,Other,,2133055,M243,1,Unknown Failure,Knee height,,Parallel,,,,0,Long Term Monitoring,Grid of long term monitoring cameras across the Osa Peninsula,,,,,
2003884,OCCT08_M179_2025-04-21,OCCT08,-83.32686,8.40875,2025-04-21 00:00:00,2025-06-23 00:00:00,None,,Other,,2132658,M179,1,Camera Functioning,Knee height,,Parallel,,,,0,Long Term Monitoring,Grid of long term monitoring cameras across the Osa Peninsula,,,,,
2003884,OCCT66_M244_2025-04-21,OCCT66,-83.317967,8.404714,2025-04-21 00:00:00,2025-06-23 00:00:00,None,,Other,,2133057,M244,1,Camera Functioning,Knee height,,Parallel,,,,0,Long Term Monitoring,Grid of long term monitoring cameras across the Osa Peninsula,,,,,
2003884,OCCT16_M210_2025-05-02,OCCT16,-83.36115,8.4556,2025-05-02 00:00:00,2025-06-27 00:00:00,None,,Other,,2125278,M210,1,Camera Functioning,Knee height,,Parallel,,,,0,Long Term Monitoring,Grid of long term monitoring cameras across the Osa Peninsula,,,,,
2003884,OCCT15_M221_2025-05-15,OCCT15,-83.35772,8.44355,2025-05-15 00:00:00,2025-06-27 00:00:00,None,,Other,,2125298,M221,1,Camera Functioning,Knee height,,Parallel,,,,0,Long Term Monitoring,Grid of long term monitoring cameras across the Osa Peninsula,,,,,
2003884,OCCT17_M276_2025-05-02,OCCT17,-83.3742,8.45589,2025-05-02 00:00:00,2025-06-27 00:00:00,None,,Other,,2136296,M276,1,Camera Functioning,Knee height,,Parallel,,,,0,Long Term Monitoring,Grid of long term monitoring cameras across the Osa Peninsula,,,,,
2003884,OCCT06_OC-20-78_24062024,OCCT06,-83.29323,8.77809,2024-06-24 00:00:00,2024-10-29 00:00:00,None,,Other,,2105890,OC-20-78,1,Camera Functioning,Knee height,,Parallel,,,,0,Long Term Monitoring,Grid of long term monitoring cameras across the Osa Peninsula,,,,,
2003884,OCCT18_M247_2025-05-02,OCCT18,-83.36529,8.46915,2025-05-02 00:00:00,2025-06-27 00:00:00,None,,Other,,2132659,M247,1,Camera Functioning,Knee height,,Parallel,,,,0,Long Term Monitoring,Grid of long term monitoring cameras across the Osa Peninsula,,,,,
2003884,OCCT28_ACO-0085-C_24062024,OCCT28,-83.40675,8.51834,2024-06-24 00:00:00,2024-10-28 00:00:00,None,,Other,,2098956,ACO-0085-C,1,Unknown Failure,Knee height,,Parallel,,,,0,Long Term Monitoring,Grid of long term monitoring cameras across the Osa Peninsula,,,,,
2003884,OCCT32_M038_16072024,OCCT32,-83.170434,8.64031,2024-07-16 00:00:00,2024-10-30 00:00:00,None,,Other,,2108539,M038,1,Camera Functioning,Knee height,,Parallel,,,,0,Long Term Monitoring,Grid of long term monitoring cameras across the Osa Peninsula,,,,,
2003884,OCCT06_M021_8062022,OCCT06,-83.29323,8.77809,2022-06-08 00:00:00,2022-08-29 00:00:00,None,,Other,,2052008,M103,1,Unknown Failure,Knee height,,Parallel,,,,,Long Term Monitoring,Grid of long term monitoring cameras across the Osa Peninsula,,,,,
2003884,Rf1_M216_2024-11-30,Rf1,-82.95808,8.79542,2024-11-30 00:00:00,2025-04-25 00:00:00,None,,Other,,2141371,M216,1,Unknown Failure,Knee height,,Parallel,,,,,R2R farm monitoring,Restored farm monitoring from ridge to reef,,,,,
2003884,OCCT93_M228_562024,OCCT93,-83.20682,8.77714,2024-06-05 00:00:00,2024-09-28 00:00:00,None,,Trail game,Off trail,2126061,M228,1,Camera Functioning,Knee height,,Parallel,,,,,Fila Costeña,,,,,,
2003884,OCCT34_M051_26042023,OCCT34,-83.17559,8.67697,2023-04-26 00:00:00,2023-09-01 00:00:00,None,,Other,,2087978,M051,1,Unknown Failure,Knee height,,Parallel,,,,,Long Term Monitoring,Grid of long term monitoring cameras across the Osa Peninsula,,,,,
2003884,OCCT29_m132_04082022,OCCT29,-83.17074878,8.67620952,2022-08-04 00:00:00,2022-11-02 00:00:00,None,,Other,,2069903,OCCT29,1,Camera Functioning,Knee height,,Parallel,,,,,Long Term Monitoring,Grid of long term monitoring cameras across the Osa Peninsula,,,,,
2003884,OCCT95_M351_20260127,OCCT95,-83.03078,8.79444,2026-01-27 00:00:00,2026-04-14 00:00:00,None,,Other,off trail,2179359,M351,1,Camera Functioning,Other,32,Parallel,,,,,Fila Costeña,,,,,,
2003884,OCCT10_C186_19082024,OCCT10,-83.34736,8.4086,2024-08-19 00:00:00,2024-11-21 00:00:00,None,,Other,,2019110,C186,1,Unknown Failure,Knee height,,Parallel,,,,0,Long Term Monitoring,Grid of long term monitoring cameras across the Osa Peninsula,,,,,
2003884,OCCT07_M278_29102024,OCCT07,-83.28998,8.76422,2024-10-29 00:00:00,2025-01-08 00:00:00,None,,Other,,2132125,M278,1,Unknown Failure,Knee height,,Parallel,,,,0,Long Term Monitoring,Grid of long term monitoring cameras across the Osa Peninsula,,,,,
2003884,OCCT07_M070_04092024,OCCT07,-83.28998,8.76422,2024-09-04 00:00:00,2024-11-28 00:00:00,None,,Other,,2094002,M070,1,Camera Functioning,Knee height,,Parallel,,,,,Long Term Monitoring,Grid of long term monitoring cameras across the Osa Peninsula,,,,,
2003884,OCCT15_OC-B05_30092024,OCCT15,-83.35772,8.44355,2024-09-30 00:00:00,2024-11-25 00:00:00,None,,Other,,2132151,OC-B05,1,Camera Functioning,Knee height,,Parallel,,,,,Long Term Monitoring,Grid of long term monitoring cameras across the Osa Peninsula,,,,,
2003884,OCCT13_M238_25112024,OCCT13,-83.323034,8.410447,2024-11-25 00:00:00,2025-01-11 00:00:00,None,,Other,,2120730,M238,1,Camera Functioning,Knee height,,Parallel,,,,0,Long Term Monitoring,Grid of long term monitoring cameras across the Osa Peninsula,,,,,
2003884,OCCT06_M279_29102024,OCCT06,-83.29323,8.77809,2024-10-29 00:00:00,2025-01-08 00:00:00,None,,Other,,2132123,M279,1,Unknown Failure,Knee height,,Parallel,,,,0,Long Term Monitoring,Grid of long term monitoring cameras across the Osa Peninsula,,,,,
2003884,OCCT30_M231_29102024,OCCT30,-83.29472,8.7703,2024-10-29 00:00:00,2025-01-08 00:00:00,None,,Other,,2120717,M231,1,Camera Functioning,Knee height,,Parallel,,,,0,Long Term Monitoring,Grid of long term monitoring cameras across the Osa Peninsula,,,,,
2003884,OCCT12_M127_02-09-2024,OCCT12,-83.33446,8.42229,2024-09-02 00:00:00,2024-11-30 00:00:00,None,,Other,,2132102,M127,1,Unknown Failure,Knee height,,Parallel,,,,0,Long Term Monitoring,Grid of long term monitoring cameras across the Osa Peninsula,,,,,
2003884,OCCT13_M238_20250707,OCCT13,-83.323034,8.410447,2025-07-07 00:00:00,2025-09-26 00:00:00,None,,Road dirt,off trail,2120730,M238,1,Unknown Failure,Other,42,Parallel,,,,,Long Term Monitoring,Grid of long term monitoring cameras across the Osa Peninsula,,,,,
2003884,OCCT31_M261_2025-06-06,OCCT31,-83.1722,8.66869,2025-06-06 00:00:00,2025-07-29 00:00:00,None,,Other,,2132685,M261,1,Camera Functioning,Knee height,,Parallel,,,,0,Long Term Monitoring,Grid of long term monitoring cameras across the Osa Peninsula,,,,,
2003884,OCCT16_M210_30092024,OCCT16,-83.36115,8.4556,2024-09-30 00:00:00,2024-11-29 00:00:00,None,,Other,,2125278,M210,1,Unknown Failure,Knee height,,Parallel,,,,0,Long Term Monitoring,Grid of long term monitoring cameras across the Osa Peninsula,,,,,
2003884,OCCT17_OC-22_04102024,OCCT17,-83.3742,8.45589,2024-10-04 00:00:00,2024-11-05 00:00:00,None,,Other,,2104508,OC-22,1,Unknown Failure,Knee height,,Parallel,,,,1,Long Term Monitoring,Grid of long term monitoring cameras across the Osa Peninsula,,,,,
2003884,OCCT08_M179_14102024,OCCT08,-83.32686,8.40875,2024-10-14 00:00:00,2024-12-11 00:00:00,None,,Other,,2132658,M179,1,Unknown Failure,Knee height,,Parallel,,,,0,Long Term Monitoring,Grid of long term monitoring cameras across the Osa Peninsula,,,,,
2003884,OCCT18_M247_04102024,OCCT18,-83.36529,8.46915,2024-10-04 00:00:00,2024-11-24 00:00:00,None,,Other,,2132659,M247,1,Unknown Failure,Knee height,,Parallel,,,,,Long Term Monitoring,Grid of long term monitoring cameras across the Osa Peninsula,,,,,
2003884,OCCT29_M262_30102024,OCCT29,-83.17074878,8.67620952,2024-10-30 00:00:00,2025-01-09 00:00:00,None,,Other,,2132665,M262,1,Camera Functioning,Knee height,,Parallel,,,,0,Long Term Monitoring,Grid of long term monitoring cameras across the Osa Peninsula,,,,,
2003884,OCCT06_M231_2025-05-21,OCCT06,-83.29323,8.77809,2025-05-21 00:00:00,2025-07-30 00:00:00,None,,Other,,2120717,M231,1,Camera Functioning,Chest height,,Parallel,,,,0,Long Term Monitoring,Grid of long term monitoring cameras across the Osa Peninsula,,,,,
2003884,OCCT34_M260_30102024,OCCT34,-83.17559,8.67697,2024-10-30 00:00:00,2025-01-09 00:00:00,None,,Other,,2132682,M260,1,Camera Functioning,Knee height,,Parallel,,,,0,Long Term Monitoring,Grid of long term monitoring cameras across the Osa Peninsula,,,,,
2003884,OCCT32_M209_30102024,OCCT32,-83.170434,8.64031,2024-10-30 00:00:00,2025-01-09 00:00:00,None,,Other,,2125277,M209,1,Unknown Failure,Knee height,,Parallel,,,,0,Long Term Monitoring,Grid of long term monitoring cameras across the Osa Peninsula,,,,,
2003884,OCCT31_M261_30102024,OCCT31,-83.1722,8.66869,2024-10-30 00:00:00,2025-01-09 00:00:00,None,,Other,,2132685,M261,1,Camera Functioning,Knee height,,Parallel,,,,0,Long Term Monitoring,Grid of long term monitoring cameras across the Osa Peninsula,,,,,
2003884,OCCT27_M234_28102024,OCCT27,-83.33573,8.73433,2024-10-28 00:00:00,2025-01-10 00:00:00,None,,Other,,2120736,M234,1,Camera Functioning,Knee height,,Parallel,,,,0,Long Term Monitoring,Grid of long term monitoring cameras across the Osa Peninsula,,,,,
2003884,OCCT28_M256_28102024,OCCT28,-83.40675,8.51834,2024-10-28 00:00:00,2025-01-10 00:00:00,None,,Other,,2132700,M256,1,Camera Functioning,Knee height,,Parallel,,,,0,Long Term Monitoring,Grid of long term monitoring cameras across the Osa Peninsula,,,,,
2003884,ENMO008_M378_20260207,ENMO008,-82.9488,8.99925,2026-02-07 00:00:00,2026-06-04 00:00:00,None,,Other,restoration,2185020,M378,1,Camera Functioning,Other,38,Parallel,,,,,FarmsforNature,,,,,,
2003884,ENMO007_M400_20260207,ENMO007,-82.9374,9.003337,2026-02-07 00:00:00,2026-06-04 00:00:00,None,,Other,restoration,2185024,M400,1,Camera Functioning,Other,42,Parallel,,,,,FarmsforNature,,,,,,
2003884,ENMO012_M399_20260207,ENMO012,-82.9354,9.001308,2026-02-07 00:00:00,2026-06-04 00:00:00,None,,Other,pasture,2185026,M399,1,Camera Functioning,Other,22,Parallel,,,,,FarmsforNature,,,,,,
2003884,ALMA025 02/11/2026,ALMA025,-83.1188,8.846388,2026-02-11 00:00:00,2026-06-02 00:00:00,None,,Other,restoration,2185027,M384,1,Camera Functioning,Other,34,Parallel,,,,,FarmsforNature,,,,,,
2003884,ALMA029_M337_20260211,ALMA029,-83.1189,8.843312,2026-02-11 00:00:00,2026-06-02 00:00:00,None,,Other,forest,2185074,M337,1,Camera Functioning,Other,42,Parallel,,,,,FarmsforNature,,,,,,
2003884,ALMA028_M328_20260211,ALMA028,-83.1203,8.842873,2026-02-11 00:00:00,2026-06-06 00:00:00,None,,Other,forest,2185075,M328,1,Camera Functioning,Other,72,Parallel,,,,,FarmsforNature,,,,,,
2003884,ENMO010_M387_20260207,ENMO010,-82.9443,8.99831,2026-02-07 00:00:00,2026-06-04 00:00:00,None,,Other,forest,2185079,M387,1,Camera Functioning,Other,32,Parallel,,,,,FarmsforNature,,,,,,
2003884,ALMA030_M388_20260211,ALMA030,-83.1198,8.844781,2026-02-11 00:00:00,2026-06-02 00:00:00,None,,Other,Pasture,2185081,M388,1,Camera Functioning,Other,48,Parallel,,,,0,FarmsforNature,,,,,,
2003884,ALMA027_M375_20260211,ALMA027,-83.1198,8.847415,2026-02-11 00:00:00,2026-06-01 00:00:00,None,,Other,Pasture,2185089,M375,1,Camera Functioning,Other,30,Parallel,,,,,FarmsforNature,,,,,,
2003884,ENMO011_M362_20260207,ENMO011,-82.9412,9.000287,2026-02-07 00:00:00,2026-06-04 00:00:00,None,,Other,forest,2185090,M362,1,Camera Functioning,Other,35,Parallel,,,,,FarmsforNature,,,,,,
2003884,ENMO009_M379_20260207,ENMO009,-82.9476,8.997887,2026-02-07 00:00:00,2026-06-04 00:00:00,None,,Other,pasture,2185092,M379,1,Camera Functioning,Other,22,Parallel,,,,,FarmsforNature,,,,,,
2003884,ALMA026_M383_20260211,ALMA026,-83.1187,8.847437,2026-02-11 00:00:00,2026-06-02 00:00:00,None,,Other,restoration,2185193,M383,1,Camera Functioning,Other,29,Parallel,,,,,FarmsforNature,,,,,,
2003884,LUMO023_M333_20260209,LUMO023,-83.0076,9.008746,2026-02-09 00:00:00,2026-06-03 00:00:00,None,,Other,restoration,2185202,M333,1,Camera Functioning,Other,25,Parallel,,,,,FarmsforNature,,,,,,
2003884,OCCT31_ES-2_01092023,OCCT31,-83.1722,8.66869,2023-09-01 00:00:00,2023-09-07 00:00:00,None,,Other,,2038839,ES-2,1,Unknown Failure,Knee height,,Parallel,,,,,Long Term Monitoring,Grid of long term monitoring cameras across the Osa Peninsula,,,,,
2003884,OCCT26_M061_28082023,OCCT26,-83.334733,8.730267,2023-08-28 00:00:00,2023-12-05 00:00:00,None,,Other,,2087077,M061,1,Unknown Failure,Knee height,,Parallel,,,,0,Long Term Monitoring,Grid of long term monitoring cameras across the Osa Peninsula,,,,,
2003884,OCCT32_C182_04122023,OCCT32,-83.170434,8.64031,2023-12-04 00:00:00,2024-03-07 00:00:00,None,,Other,,2019290,C182,1,Unknown Failure,Knee height,,Parallel,,,,,Long Term Monitoring,Grid of long term monitoring cameras across the Osa Peninsula,,,,,
2003884,OCCT26_M061_05122023,OCCT26,-83.334733,8.730267,2023-12-05 00:00:00,2024-03-08 00:00:00,None,,Other,,2087077,M061,1,Unknown Failure,Knee height,,Parallel,,,,0,Long Term Monitoring,Grid of long term monitoring cameras across the Osa Peninsula,,,,,
2003884,OCCT27_C181_05122023,OCCT27,-83.33573,8.73433,2023-12-05 00:00:00,2024-03-08 00:00:00,None,,Other,,2019289,C181,1,Camera Functioning,Knee height,,Parallel,,,,,Long Term Monitoring,Grid of long term monitoring cameras across the Osa Peninsula,,,,,
2003884,OCCT28_ACO-0085-C_05122023,OCCT28,-83.40675,8.51834,2023-12-05 00:00:00,2024-03-07 00:00:00,None,,Other,,2098956,ACO-0085-C,1,Unknown Failure,Knee height,,Parallel,,,,0,Long Term Monitoring,Grid of long term monitoring cameras across the Osa Peninsula,,,,,
2003884,OCCT08_M00_24112023,OCCT08,-83.32686,8.40875,2023-11-17 00:00:00,2024-03-05 00:00:00,None,,Other,,2093627,M00,1,Unknown Failure,Knee height,,Parallel,,,,,Long Term Monitoring,Grid of long term monitoring cameras across the Osa Peninsula,,,,,
2003884,OCCT30_M123_02022023,OCCT30,-83.29472,8.7703,2023-02-02 00:00:00,2023-04-25 00:00:00,None,,Other,,2069892,M123,1,Unknown Failure,Knee height,,Parallel,,,,,Long Term Monitoring,Grid of long term monitoring cameras across the Osa Peninsula,,,,,
2003884,OCCT39_M040_152023,OCCT39,-83.03204,8.76462,2023-05-01 00:00:00,2023-07-06 00:00:00,None,,Other,,2081080,M040,1,Unknown Failure,Knee height,,Parallel,,,,,Fila Costeña,,,,,,
2003884,OCCT13_M131_03112022,OCCT13,-83.323034,8.410447,2022-11-03 00:00:00,2023-01-20 00:00:00,None,,Other,,2019239,C131,1,Camera Functioning,Knee height,,Parallel,,,,,Long Term Monitoring,Grid of long term monitoring cameras across the Osa Peninsula,,,,,
2003884,OCCT14a_M102_03112022,OCCT14,-83.31898,8.41895,2022-11-03 00:00:00,2023-01-20 00:00:00,None,,Other,,2019210,C102,1,Camera Functioning,Knee height,,Parallel,,,,,Long Term Monitoring,Grid of long term monitoring cameras across the Osa Peninsula,,,,,
2003884,OCCT09_M046_1112022,OCCT09,-83.3405,8.41069,2022-11-01 00:00:00,2023-01-19 00:00:00,None,,Other,,2019154,C046,1,Unknown Failure,Knee height,,Parallel,,,,,,,,,,,
2003884,OCCT06_M103_9112022,OCCT06,-83.29323,8.77809,2022-11-09 00:00:00,2023-02-02 00:00:00,None,,Other,,2052008,M103,1,Camera Functioning,Knee height,,Parallel,,,,,Long Term Monitoring,Grid of long term monitoring cameras across the Osa Peninsula,,,,,
2003884,OCCT18_M091_922023,OCCT18,-83.36529,8.46915,2023-02-09 00:00:00,2023-04-27 00:00:00,None,,Other,,2080581,M091,0,Camera Functioning,Knee height,,Parallel,,,,,Long Term Monitoring,Grid of long term monitoring cameras across the Osa Peninsula,,,,,
2003884,OCCT44_M050_352023,OCCT44,-83.01813,8.74549,2023-05-03 00:00:00,2023-05-16 00:00:00,None,,Other,,2069878,M050,1,Unknown Failure,Knee height,,Parallel,,,,,Fila Costeña,,,,,,
2003884,OCCT45_M054_352023,OCCT45,-83.02169,8.75273,2023-05-03 00:00:00,2023-05-20 00:00:00,None,,Other,,2093658,M054,1,Unknown Failure,Knee height,,Parallel,,,,,Fila Costeña,,,,,,
2003884,OCCT65_M152_25052023,OCCT65,-83.03812,8.77655,2023-05-25 00:00:00,2023-09-14 00:00:00,None,,Other,,2094008,M152,1,Unknown Failure,Knee height,,Parallel,,,,,Fila Costeña,,,,,,
2003884,Rf8_M098_2024-12-02,Rf8,-82.97661,8.91983,2024-12-02 00:00:00,2025-04-27 00:00:00,None,,Other,,2124135,M098,1,Unknown Failure,Knee height,,Parallel,,,,,R2R farm monitoring,Restored farm monitoring from ridge to reef,,,,,
2003884,OCCT14_M034_24112023,OCCT14,-83.31898,8.41895,2023-11-24 00:00:00,2024-02-08 00:00:00,None,,Other,,2047667,M034,1,Unknown Failure,Knee height,,Parallel,,,,0,Long Term Monitoring,Grid of long term monitoring cameras across the Osa Peninsula,,,,,
2003884,OCCT38_M134_30042023,OCCT38,-83.036854,8.742448,2023-04-30 00:00:00,2023-05-12 00:00:00,None,,Other,,2093642,M134,1,Unknown Failure,Knee height,,Parallel,,,,,Fila Costeña,,,,,,
2003884,OCCT35_M00_29042023,OCCT35,-83.04707,8.75267,2023-04-29 00:00:00,2023-06-06 00:00:00,None,,Other,,2093627,M00,1,Unknown Failure,Knee height,,Parallel,,,,,Fila Costeña,,,,,,
2003884,OCCT33_M074_12012023,OCCT33,-83.343922,8.428401,2023-01-12 00:00:00,2023-01-19 00:00:00,None,,Other,OCCT33,2073051,M074,1,Unknown Failure,Knee height,,Parallel,,,,,Long Term Monitoring,Grid of long term monitoring cameras across the Osa Peninsula,,,,,
2003884,OCCT32_M110_26042023,OCCT32,-83.170434,8.64031,2023-04-26 00:00:00,2023-07-11 00:00:00,None,,Other,,2087979,M110,1,Unknown Failure,Knee height,,Parallel,,,,,Long Term Monitoring,Grid of long term monitoring cameras across the Osa Peninsula,,,,,
2003884,OCCT29_M057_26042023,OCCT29,-83.17074878,8.67620952,2023-04-26 00:00:00,2023-04-29 00:00:00,None,,Other,,2087986,M057,1,Unknown Failure,Knee height,,Parallel,,,,,Long Term Monitoring,Grid of long term monitoring cameras across the Osa Peninsula,,,,,
2003884,OCCT18_M091_27042023,OCCT18,-83.36529,8.46915,2023-04-27 00:00:00,2023-08-08 00:00:00,None,,Other,,2080581,M091,1,Unknown Failure,Knee height,,Parallel,,,,,Long Term Monitoring,Grid of long term monitoring cameras across the Osa Peninsula,,,,,
2003884,OCCT16_M099_10112022,OCCT16,-83.36115,8.4556,2022-11-10 00:00:00,2022-11-24 00:00:00,None,,Other,,2068197,M099,1,Unknown Failure,Knee height,,Parallel,,,,,Long Term Monitoring,Grid of long term monitoring cameras across the Osa Peninsula,,,,,
2003884,OCCT15_M030_18322,OCCT15,-83.35772,8.44355,2022-03-18 00:00:00,2022-04-09 00:00:00,None,,Other,,2049212,M030,30,Camera Functioning,Knee height,,Parallel,,,,,Long Term Monitoring,Grid of long term monitoring cameras across the Osa Peninsula,,,,,
2003884,OCCT15_M113_3112022,OCCT15,-83.35772,8.44355,2022-03-11 00:00:00,2022-11-26 00:00:00,None,,Other,,2052005,M113,1,Unknown Failure,Knee height,,Parallel,,,,,Long Term Monitoring,Grid of long term monitoring cameras across the Osa Peninsula,,,,,
2003884,OCCT17_M190_01032024,OCCT17,-83.3742,8.45589,2024-03-01 00:00:00,2024-05-07 00:00:00,None,,Other,,2102340,M190,1,Unknown Failure,Knee height,,Parallel,,,,0,Long Term Monitoring,Grid of long term monitoring cameras across the Osa Peninsula,,,,,
2003884,OCCT33_OC-171_05072024,OCCT33,-83.343922,8.428401,2024-07-05 00:00:00,2024-09-04 00:00:00,None,,Other,,2097147,OC-171,1,Camera Functioning,Knee height,,Parallel,,,,0,Long Term Monitoring,Grid of long term monitoring cameras across the Osa Peninsula,,,,,
2003884,OCCT03_M011_15032022,OCCT03,-83.3322867,8.40871416,2022-03-15 00:00:00,2022-04-09 00:00:00,None,,Trail hiking,,2040867,M011,30,Camera Functioning,Knee height,,Parallel,,,,,,,,,,,
2003884,OCCT11_M077_11112022,OCCT11,-83.34373,8.42222,2022-11-11 00:00:00,2023-02-08 00:00:00,None,,Other,,2077354,M077,1,Camera Functioning,Knee height,,Parallel,,,,,Long Term Monitoring,Grid of long term monitoring cameras across the Osa Peninsula,,,,,
2003884,OCCT13_C190_10042024,OCCT13,-83.323034,8.410447,2024-04-10 00:00:00,2024-11-25 00:00:00,None,,Other,,2019104,C190,1,Unknown Failure,Knee height,,Parallel,,,,0,Long Term Monitoring,Grid of long term monitoring cameras across the Osa Peninsula,,,,,
2003884,OCCT14_M212_25112024,OCCT14,-83.31898,8.41895,2024-11-25 00:00:00,2025-01-11 00:00:00,None,,Other,,2132099,M212,1,Camera Functioning,Knee height,,Parallel,,,,0,Long Term Monitoring,Grid of long term monitoring cameras across the Osa Peninsula,,,,,
2003884,OCCT08_M094_20062024,OCCT08,-83.32686,8.40875,2024-06-20 00:00:00,2024-10-14 00:00:00,None,,Other,,2093663,M094,1,Unknown Failure,Knee height,,Parallel,,,,0,Long Term Monitoring,Grid of long term monitoring cameras across the Osa Peninsula,,,,,